Date,Type,Price,Shares,Fee,Tax,TotalAmount,RealizedProfit
2016-09-14,BUY,136.452,100,20,0,13665.2,0
2016-09-19,SELL,143.51,100,20,43,14288,622.788
2016-09-26,BUY,143.902,100,20,0,14410.2,0
2016-09-29,SELL,146.647,100,20,43,14601.7,191.475
2016-09-30,BUY,144.294,100,20,0,14449.4,0
2016-10-03,SELL,145.862,100,20,43,14523.2,73.842
2016-10-05,BUY,145.862,100,20,0,14606.2,0
2016-10-06,SELL,147.039,100,20,44,14639.9,33.6315
2016-10-11,BUY,147.039,100,20,0,14723.9,0
2016-10-12,SELL,148.607,100,21,44,14795.7,71.8405
2016-10-13,BUY,147.823,100,21,0,14803.3,0
2016-10-14,BUY,147.431,100,21,0,14764.1,0
2016-10-17,BUY,146.254,100,20,0,14645.4,0
2016-10-18,SELL,146.647,300,62,131,43801,-411.841
2016-10-21,BUY,147.823,100,21,0,14803.3,0
2016-10-24,SELL,149.783,100,21,44,14913.3,110.049
2016-10-26,BUY,150.175,100,21,0,15038.5,0
2016-10-27,BUY,147.823,100,21,0,14803.3,0
2016-10-28,SELL,148.607,200,42,89,29590.4,-251.424
2016-10-31,BUY,147.823,100,21,0,14803.3,0
2016-11-01,SELL,148.607,100,21,44,14795.7,-7.58203
2016-11-02,BUY,145.862,100,20,0,14606.2,0
2016-11-03,BUY,144.686,100,20,0,14488.6,0
2016-11-07,SELL,148.215,200,42,88,29513,418.142
2016-11-08,BUY,147.823,100,21,0,14803.3,0
2016-11-09,BUY,142.726,100,20,0,14292.6,0
2016-11-10,SELL,145.47,200,41,87,28966,-129.788
2016-11-11,BUY,142.333,100,20,0,14253.3,0
2016-11-14,BUY,141.549,100,20,0,14174.9,0
2016-11-15,BUY,141.157,100,20,0,14135.7,0
2016-11-17,SELL,142.333,300,60,128,42512,-51.9505
2016-11-18,BUY,141.941,100,20,0,14214.1,0
2016-11-22,SELL,144.294,100,20,43,14366.4,152.26
2016-11-24,BUY,143.51,100,20,0,14371,0
2016-11-25,BUY,142.726,100,20,0,14292.6,0
2016-11-28,SELL,144.294,200,41,86,28731.8,68.2585
2016-11-29,BUY,142.726,100,20,0,14292.6,0
2016-11-30,SELL,143.51,100,20,43,14288,-4.58051
2016-12-02,BUY,139.589,100,20,0,13978.9,0
2016-12-05,SELL,140.373,100,20,42,13975.3,-3.58051
2016-12-07,BUY,142.333,100,20,0,14253.3,0
2016-12-08,SELL,145.47,100,20,43,14484,230.686
2016-12-12,BUY,145.078,100,20,0,14527.8,0
2016-12-13,SELL,145.862,100,20,43,14523.2,-4.57593
2016-12-15,BUY,146.647,100,20,0,14684.7,0
2016-12-16,BUY,145.078,100,20,0,14527.8,0
2016-12-19,BUY,143.118,100,20,0,14331.8,0
2016-12-21,BUY,141.157,100,20,0,14135.7,0
2016-12-22,BUY,140.373,100,20,0,14057.3,0
2016-12-23,BUY,139.981,100,20,0,14018.1,0
2016-12-26,SELL,140.765,600,120,253,84086,-1669.31
2016-12-29,BUY,141.157,100,20,0,14135.7,0
2016-12-30,SELL,142.333,100,20,42,14171.3,35.6315
2017-01-11,BUY,142.726,100,20,0,14292.6,0
2017-01-12,SELL,144.686,100,20,43,14405.6,113.053
2017-01-13,BUY,142.333,100,20,0,14253.3,0
2017-01-16,BUY,140.765,100,20,0,14096.5,0
2017-01-17,SELL,141.941,200,40,85,28263.3,-86.5775
2017-01-19,BUY,141.549,100,20,0,14174.9,0
2017-01-20,SELL,141.941,100,20,42,14132.1,-42.791
2017-02-02,BUY,144.686,100,20,0,14488.6,0
2017-02-08,BUY,143.902,100,20,0,14410.2,0
2017-02-09,SELL,144.294,200,41,86,28731.8,-167.002
2017-02-22,BUY,147.823,100,21,0,14803.3,0
2017-02-24,SELL,148.215,100,21,44,14756.5,-46.7971
2017-03-01,BUY,145.862,100,20,0,14606.2,0
2017-03-03,BUY,144.294,100,20,0,14449.4,0
2017-03-06,BUY,143.902,100,20,0,14410.2,0
2017-03-07,SELL,145.47,300,62,130,43449.1,-16.7263
2017-03-09,BUY,144.686,100,20,0,14488.6,0
2017-03-10,BUY,143.902,100,20,0,14410.2,0
2017-03-13,SELL,146.254,200,41,87,29122.9,224.104
2017-03-14,BUY,145.862,100,20,0,14606.2,0
2017-03-15,SELL,146.254,100,20,43,14562.4,-43.7895
2017-03-22,BUY,151.744,100,21,0,15195.4,0
2017-03-24,BUY,150.96,100,21,0,15117,0
2017-03-27,SELL,151.352,200,43,90,30137.3,-175.011
2017-03-29,BUY,150.175,100,21,0,15038.5,0
2017-03-31,BUY,148.215,100,21,0,14842.5,0
2017-04-05,SELL,151.352,200,43,90,30137.3,256.311
2017-04-06,BUY,150.175,100,21,0,15038.5,0
2017-04-07,BUY,149.783,100,21,0,14999.3,0
2017-04-10,BUY,148.999,100,21,0,14920.9,0
2017-04-11,SELL,149.783,300,64,134,44737,-221.789
2017-04-14,BUY,148.215,100,21,0,14842.5,0
2017-04-17,BUY,147.039,100,20,0,14723.9,0
2017-04-18,SELL,147.431,200,42,88,29356.1,-210.211
2017-04-19,BUY,146.254,100,20,0,14645.4,0
2017-04-20,SELL,146.647,100,20,43,14601.7,-43.7895
2017-04-26,BUY,149.783,100,21,0,14999.3,0
2017-04-27,SELL,151.352,100,21,45,15069.2,69.8375
2017-05-05,BUY,154.881,100,22,0,15510.1,0
2017-05-08,SELL,158.802,100,22,47,15811.2,301.104
2017-05-12,BUY,161.546,100,23,0,16177.6,0
2017-05-16,BUY,160.37,100,22,0,16059,0
2017-05-17,BUY,159.978,100,22,0,16019.8,0
2017-05-18,BUY,159.586,100,22,0,15980.6,0
2017-05-19,BUY,159.194,100,22,0,15941.4,0
2017-05-22,SELL,160.762,500,114,241,80026.1,-152.325
2017-05-31,BUY,159.194,100,22,0,15941.4,0
2017-06-01,SELL,162.331,100,23,48,16162.1,220.684
2017-06-06,BUY,165.075,100,23,0,16530.5,0
2017-06-07,SELL,165.86,100,23,49,16514,-16.579
2017-06-09,BUY,166.252,100,23,0,16648.2,0
2017-06-12,BUY,162.723,100,23,0,16295.3,0
2017-06-13,SELL,163.115,200,46,97,32480,-463.471
2017-06-14,BUY,162.331,100,23,0,16256.1,0
2017-06-15,SELL,163.115,100,23,48,16240.5,-15.5775
2017-06-21,BUY,168.996,100,24,0,16923.6,0
2017-06-22,SELL,170.957,100,24,51,17020.7,97.0464
2017-06-23,BUY,170.173,100,24,0,17041.3,0
2017-06-26,SELL,174.224,100,24,52,17346.4,305.179
2017-06-27,BUY,171.388,100,24,0,17162.8,0
2017-06-28,BUY,168.957,100,24,0,16919.7,0
2017-06-29,SELL,170.173,200,48,102,33884.5,-198.002
2017-06-30,BUY,168.957,100,24,0,16919.7,0
2017-07-03,SELL,169.362,100,24,50,16862.2,-57.4864
2017-07-04,BUY,167.742,100,23,0,16797.2,0
2017-07-05,SELL,168.957,100,24,50,16821.7,24.5515
2017-07-06,BUY,168.147,100,23,0,16837.7,0
2017-07-07,BUY,166.931,100,23,0,16716.1,0
2017-07-11,SELL,171.793,200,48,103,34207.7,653.851
2017-07-12,BUY,170.578,100,24,0,17081.8,0
2017-07-13,SELL,173.819,100,24,52,17305.9,224.138
2017-07-14,BUY,172.604,100,24,0,17284.4,0
2017-07-18,SELL,173.414,100,24,52,17265.4,-18.9651
2017-07-21,BUY,173.414,100,24,0,17365.4,0
2017-07-24,SELL,173.819,100,24,52,17305.9,-59.4833
2017-07-25,BUY,173.414,100,24,0,17365.4,0
2017-07-26,BUY,172.604,100,24,0,17284.4,0
2017-07-27,SELL,174.63,200,49,104,34772.9,123.144
2017-07-28,BUY,172.604,100,24,0,17284.4,0
2017-07-31,SELL,173.819,100,24,52,17305.9,21.5515
2017-08-01,BUY,171.793,100,24,0,17203.3,0
2017-08-02,SELL,175.035,100,24,52,17427.5,224.141
2017-08-03,BUY,173.009,100,24,0,17324.9,0
2017-08-04,BUY,172.604,100,24,0,17284.4,0
2017-08-07,SELL,175.035,200,49,105,34853,243.694
2017-08-09,BUY,173.819,100,24,0,17405.9,0
2017-08-10,BUY,173.414,100,24,0,17365.4,0
2017-08-11,BUY,172.199,100,24,0,17243.9,0
2017-08-14,BUY,170.983,100,24,0,17122.3,0
2017-08-15,SELL,173.414,400,98,208,69059.6,-77.8636
2017-08-16,BUY,172.604,100,24,0,17284.4,0
2017-08-17,SELL,173.414,100,24,52,17265.4,-18.9651
2017-08-18,BUY,172.199,100,24,0,17243.9,0
2017-08-21,BUY,171.388,100,24,0,17162.8,0
2017-08-22,SELL,173.819,200,49,104,34610.9,204.171
2017-08-28,BUY,175.035,100,24,0,17527.5,0
2017-08-30,SELL,176.25,100,25,52,17548,20.5515
2017-08-31,BUY,175.44,100,25,0,17569,0
2017-09-04,SELL,176.25,100,25,52,17548,-20.9651
2017-09-06,BUY,175.845,100,25,0,17609.5,0
2017-09-08,SELL,176.655,100,25,52,17588.5,-20.9636
2017-09-11,BUY,175.845,100,25,0,17609.5,0
2017-09-12,SELL,177.466,100,25,53,17668.6,59.0728
2017-09-13,BUY,176.655,100,25,0,17690.5,0
2017-09-14,SELL,177.061,100,25,53,17628.1,-62.4803
2017-09-21,BUY,179.087,100,25,0,17933.7,0
2017-09-22,BUY,177.061,100,25,0,17731.1,0
2017-09-25,BUY,175.845,100,25,0,17609.5,0
2017-09-26,BUY,173.414,100,24,0,17365.4,0
2017-09-27,SELL,174.224,400,99,209,69381.8,-1257.85
2017-09-28,BUY,173.414,100,24,0,17365.4,0
2017-09-29,SELL,175.44,100,25,52,17467,101.586
2017-10-17,BUY,190.837,100,27,0,19110.7,0
2017-10-18,SELL,192.457,100,27,57,19161.7,51.0697
2017-10-20,BUY,192.457,100,27,0,19272.7,0
2017-10-23,SELL,193.673,100,27,58,19282.3,9.54999
2017-10-24,BUY,192.862,100,27,0,19313.2,0
2017-10-26,BUY,191.242,100,27,0,19151.2,0
2017-10-27,SELL,193.673,200,55,116,38563.5,99.1333
2017-11-01,BUY,196.509,100,28,0,19678.9,0
2017-11-02,BUY,195.293,100,27,0,19556.3,0
2017-11-03,BUY,193.673,100,27,0,19394.3,0
2017-11-06,SELL,194.078,300,82,174,57967.4,-662.135
2017-11-08,BUY,196.509,100,28,0,19678.9,0
2017-11-09,BUY,195.293,100,27,0,19556.3,0
2017-11-10,BUY,194.888,100,27,0,19515.8,0
2017-11-13,BUY,194.078,100,27,0,19434.8,0
2017-11-14,SELL,194.483,400,110,233,77450.2,-735.615
2017-11-15,BUY,192.457,100,27,0,19272.7,0
2017-11-16,SELL,192.862,100,27,57,19202.2,-70.4833
2017-11-20,BUY,193.268,100,27,0,19353.8,0
2017-11-21,SELL,196.914,100,28,59,19604.4,250.655
2017-11-22,BUY,196.104,100,27,0,19637.4,0
2017-11-23,SELL,196.509,100,28,58,19564.9,-72.4849
2017-11-27,BUY,192.052,100,27,0,19232.2,0
2017-11-28,BUY,189.621,100,27,0,18989.1,0
2017-11-29,SELL,190.026,200,54,114,37837.2,-384.071
2017-11-30,BUY,183.138,100,26,0,18339.8,0
2017-12-01,SELL,187.19,100,26,56,18637,297.168
2017-12-05,BUY,185.974,100,26,0,18623.4,0
2017-12-06,BUY,183.949,100,26,0,18420.9,0
2017-12-07,BUY,183.543,100,26,0,18380.3,0
2017-12-08,SELL,183.949,300,78,165,54941.6,-483.065
2017-12-13,BUY,183.949,100,26,0,18420.9,0
2017-12-14,SELL,186.785,100,26,56,18596.5,175.623
2017-12-15,BUY,186.38,100,26,0,18664,0
2017-12-18,BUY,183.949,100,26,0,18420.9,0
2017-12-19,BUY,182.328,100,25,0,18257.8,0
2017-12-20,BUY,181.923,100,25,0,18217.3,0
2017-12-21,SELL,182.328,400,103,218,72610.2,-949.727
2017-12-26,BUY,183.138,100,26,0,18339.8,0
2017-12-27,BUY,182.328,100,25,0,18257.8,0
2017-12-28,SELL,183.138,200,52,109,36466.7,-130.962
2018-01-10,BUY,191.647,100,27,0,19191.7,0
2018-01-11,BUY,190.431,100,27,0,19070.1,0
2018-01-12,SELL,192.052,200,54,115,38241.4,-20.4045
2018-01-24,BUY,209.069,100,29,0,20935.9,0
2018-01-26,BUY,206.638,100,29,0,20692.8,0
2018-01-29,SELL,209.474,200,59,125,41710.9,82.1364
2018-01-30,BUY,205.018,100,29,0,20530.8,0
2018-01-31,SELL,206.638,100,29,61,20573.8,43.0682
2018-02-05,BUY,205.018,100,29,0,20530.8,0
2018-02-06,BUY,193.673,100,27,0,19394.3,0
2018-02-07,SELL,194.483,200,55,116,38725.6,-1199.41
2018-02-08,BUY,193.268,100,27,0,19353.8,0
2018-02-09,BUY,188.405,100,26,0,18866.5,0
2018-02-12,SELL,191.647,200,54,114,38161.4,-58.941
2018-02-22,BUY,194.078,100,27,0,19434.8,0
2018-02-23,SELL,198.535,100,28,59,19766.5,331.691
2018-02-27,BUY,199.345,100,28,0,19962.5,0
2018-03-01,BUY,196.914,100,28,0,19719.4,0
2018-03-02,BUY,194.483,100,27,0,19475.3,0
2018-03-05,SELL,195.699,300,83,176,58450.6,-706.667
2018-03-07,BUY,200.156,100,28,0,20043.6,0
2018-03-08,SELL,202.181,100,28,60,20130.1,86.5833
2018-03-14,BUY,208.259,100,29,0,20854.9,0
2018-03-15,BUY,206.638,100,29,0,20692.8,0
2018-03-20,BUY,205.018,100,29,0,20530.8,0
2018-03-21,BUY,204.612,100,29,0,20490.2,0
2018-03-22,BUY,203.802,100,29,0,20409.2,0
2018-03-23,BUY,198.535,100,28,0,19881.5,0
2018-03-26,BUY,197.319,100,28,0,19759.9,0
2018-03-27,SELL,203.397,700,202,427,141749,-870.53
2018-03-28,BUY,198.535,100,28,0,19881.5,0
2018-03-29,BUY,197.724,100,28,0,19800.4,0
2018-03-30,SELL,199.345,200,56,119,39694,12.1
2018-04-03,BUY,197.724,100,28,0,19800.4,0
2018-04-09,SELL,198.535,100,28,59,19766.5,-33.9636
2018-04-12,BUY,198.535,100,28,0,19881.5,0
2018-04-13,BUY,198.13,100,28,0,19841,0
2018-04-16,BUY,197.319,100,28,0,19759.9,0
2018-04-17,BUY,192.862,100,27,0,19313.2,0
2018-04-19,SELL,198.13,400,112,237,78902.8,107.233
2018-04-20,BUY,185.569,100,26,0,18582.9,0
2018-04-23,BUY,183.543,100,26,0,18380.3,0
2018-04-24,SELL,183.949,200,52,110,36627.7,-335.555
2018-04-25,BUY,182.328,100,25,0,18257.8,0
2018-04-26,BUY,179.897,100,25,0,18014.7,0
2018-04-27,SELL,181.112,200,51,108,36063.5,-208.998
2018-05-02,BUY,180.707,100,25,0,18095.7,0
2018-05-03,BUY,178.681,100,25,0,17893.1,0
2018-05-04,SELL,180.707,200,51,108,35982.4,-6.41821
2018-05-15,BUY,186.785,100,26,0,18704.5,0
2018-05-17,BUY,183.543,100,26,0,18380.3,0
2018-05-18,BUY,181.112,100,25,0,18136.2,0
2018-05-21,SELL,185.569,300,79,167,55424.8,203.732
2018-05-23,BUY,185.164,100,26,0,18542.4,0
2018-05-24,SELL,185.569,100,26,55,18475.9,-66.4772
2018-05-25,BUY,185.164,100,26,0,18542.4,0
2018-05-28,BUY,183.949,100,26,0,18420.9,0
2018-05-29,BUY,182.328,100,25,0,18257.8,0
2018-05-30,BUY,179.087,100,25,0,17933.7,0
2018-05-31,SELL,181.518,400,103,217,72287,-867.683
2018-06-08,BUY,183.949,100,26,0,18420.9,0
2018-06-11,BUY,183.138,100,26,0,18339.8,0
2018-06-12,SELL,185.569,200,52,111,36950.9,190.174
2018-06-14,BUY,183.543,100,26,0,18380.3,0
2018-06-15,SELL,187.19,100,26,56,18637,256.658
2018-06-19,BUY,182.328,100,25,0,18257.8,0
2018-06-20,SELL,183.138,100,26,54,18233.8,-23.9621
2018-06-25,BUY,183.094,100,26,0,18335.4,0
2018-06-26,BUY,180.154,100,25,0,18040.4,0
2018-06-27,BUY,178.895,100,25,0,17914.5,0
2018-06-28,BUY,178.055,100,25,0,17830.5,0
2018-06-29,SELL,181.834,400,103,218,72412.6,291.901
2018-07-02,BUY,179.734,100,25,0,17998.4,0
2018-07-03,SELL,180.154,100,25,54,17936.4,-62.0002
2018-07-05,BUY,180.154,100,25,0,18040.4,0
2018-07-06,SELL,182.254,100,25,54,18146.4,105.97
2018-07-11,BUY,184.774,100,26,0,18503.4,0
2018-07-12,SELL,185.194,100,26,55,18438.4,-65.0063
2018-07-16,BUY,187.713,100,26,0,18797.3,0
2018-07-17,BUY,186.034,100,26,0,18629.4,0
2018-07-18,SELL,187.293,200,53,112,37293.7,-133.008
2018-07-25,BUY,201.991,100,28,0,20227.1,0
2018-07-26,SELL,202.411,100,28,60,20153.1,-74.0093
2018-08-02,BUY,205.351,100,29,0,20564.1,0
2018-08-03,SELL,207.45,100,29,62,20654,89.9686
2018-08-06,BUY,206.191,100,29,0,20648.1,0
2018-08-07,BUY,202.831,100,28,0,20311.1,0
2018-08-08,SELL,207.87,200,59,124,41391.1,431.907
2018-08-09,BUY,207.45,100,29,0,20774,0
2018-08-10,BUY,205.771,100,29,0,20606.1,0
2018-08-13,BUY,201.991,100,28,0,20227.1,0
2018-08-14,SELL,204.511,300,87,184,61082.3,-524.963
2018-08-15,BUY,202.831,100,28,0,20311.1,0
2018-08-16,BUY,200.731,100,28,0,20101.1,0
2018-08-17,SELL,201.151,200,57,120,40053.3,-358.987
2018-08-24,BUY,204.511,100,29,0,20480.1,0
2018-08-27,SELL,205.771,100,29,61,20487.1,6.97656
2018-08-31,BUY,215.009,100,30,0,21530.9,0
2018-09-03,SELL,215.849,100,30,64,21490.9,-40.0095
2018-09-06,BUY,219.209,100,31,0,21951.9,0
2018-09-07,SELL,221.728,100,31,66,22075.8,123.962
2018-09-11,BUY,218.369,100,31,0,21867.9,0
2018-09-12,SELL,218.789,100,31,65,21782.9,-85.0048
2018-09-13,BUY,214.17,100,30,0,21447,0
2018-09-14,SELL,219.209,100,31,65,21824.9,377.928
2018-09-17,BUY,216.689,100,30,0,21698.9,0
2018-09-18,BUY,213.75,100,30,0,21405,0
2018-09-19,SELL,216.689,200,61,130,43146.8,42.959
2018-09-28,BUY,220.469,100,31,0,22077.9,0
2018-10-01,SELL,220.889,100,31,66,21991.9,-86.0032
2018-10-02,BUY,216.269,100,30,0,21656.9,0
2018-10-03,SELL,218.369,100,31,65,21740.9,83.967
2018-10-04,BUY,213.33,100,30,0,21363,0
2018-10-05,BUY,209.97,100,29,0,21026,0
2018-10-08,BUY,204.511,100,29,0,20480.1,0
2018-10-09,SELL,204.931,300,87,184,61208.2,-1660.82
2018-10-11,BUY,191.073,100,27,0,19134.3,0
2018-10-12,SELL,199.052,100,28,59,19818.2,683.888
2018-10-15,BUY,193.592,100,27,0,19386.2,0
2018-10-16,SELL,199.052,100,28,59,19818.2,431.923
2018-10-18,BUY,198.632,100,28,0,19891.2,0
2018-10-19,BUY,198.212,100,28,0,19849.2,0
2018-10-22,SELL,199.052,200,56,119,39635.3,-105.023
2018-10-23,BUY,193.172,100,27,0,19344.2,0
2018-10-24,BUY,192.753,100,27,0,19302.3,0
2018-10-25,BUY,184.354,100,26,0,18461.4,0
2018-10-26,SELL,185.614,300,79,167,55438.1,-1669.82
2018-11-05,BUY,197.372,100,28,0,19765.2,0
2018-11-06,BUY,196.952,100,28,0,19723.2,0
2018-11-07,BUY,196.532,100,28,0,19681.2,0
2018-11-08,SELL,198.632,300,84,178,59327.5,157.941
2018-11-09,BUY,194.012,100,27,0,19428.2,0
2018-11-12,SELL,194.432,100,27,58,19358.2,-70.0032
2018-11-13,BUY,191.073,100,27,0,19134.3,0
2018-11-14,SELL,191.913,100,27,57,19107.3,-27.011
2018-11-16,BUY,189.813,100,27,0,19008.3,0
2018-11-19,BUY,186.453,100,26,0,18671.3,0
2018-11-20,BUY,183.094,100,26,0,18335.4,0
2018-11-21,SELL,183.934,300,78,165,54937.1,-1077.89
2018-11-23,BUY,183.514,100,26,0,18377.4,0
2018-11-26,SELL,187.293,100,26,56,18647.3,269.95
2018-11-30,BUY,189.393,100,26,0,18965.3,0
2018-12-03,SELL,197.372,100,28,59,19650.2,684.89
2018-12-04,BUY,196.532,100,28,0,19681.2,0
2018-12-05,BUY,189.813,100,27,0,19008.3,0
2018-12-06,BUY,184.774,100,26,0,18503.4,0
2018-12-07,SELL,185.614,300,79,167,55438.1,-1754.81
2018-12-10,BUY,183.934,100,26,0,18419.4,0
2018-12-11,SELL,186.873,100,26,56,18605.3,185.958
2018-12-13,BUY,189.813,100,27,0,19008.3,0
2018-12-14,BUY,186.873,100,26,0,18713.3,0
2018-12-17,SELL,187.713,200,53,112,37377.7,-343.986
2018-12-18,BUY,186.873,100,26,0,18713.3,0
2018-12-19,SELL,189.393,100,26,56,18857.3,143.962
2018-12-20,BUY,185.614,100,26,0,18587.4,0
2018-12-21,SELL,187.713,100,26,56,18689.3,101.973
2018-12-24,BUY,184.774,100,26,0,18503.4,0
2018-12-25,BUY,182.674,100,26,0,18293.4,0
2018-12-26,BUY,181.834,100,25,0,18208.4,0
2018-12-27,SELL,187.293,300,80,168,55940,934.828
2019-01-02,BUY,184.354,100,26,0,18461.4,0
2019-01-03,BUY,180.994,100,25,0,18124.4,0
2019-01-04,BUY,174.695,100,24,0,17493.5,0
2019-01-07,SELL,178.895,300,76,161,53431.4,-647.953
2019-01-08,BUY,177.215,100,25,0,17746.5,0
2019-01-09,SELL,180.994,100,25,54,18020.4,273.943
2019-01-14,BUY,183.514,100,26,0,18377.4,0
2019-01-15,SELL,185.614,100,26,55,18480.4,102.967
2019-01-16,BUY,182.674,100,26,0,18293.4,0
2019-01-17,SELL,185.194,100,26,55,18438.4,144.968
2019-01-18,BUY,183.514,100,26,0,18377.4,0
2019-01-21,SELL,185.614,100,26,55,18480.4,102.967
2019-01-23,BUY,185.194,100,26,0,18545.4,0
2019-01-24,SELL,186.873,100,26,56,18605.3,59.9764
2019-01-29,BUY,186.873,100,26,0,18713.3,0
2019-01-30,BUY,185.614,100,26,0,18587.4,0
2019-02-11,SELL,191.493,200,54,114,38130.6,829.861
2019-02-13,BUY,192.333,100,27,0,19260.3,0
2019-02-14,BUY,190.653,100,27,0,19092.3,0
2019-02-18,SELL,193.172,200,55,115,38464.5,111.95
2019-02-19,BUY,192.333,100,27,0,19260.3,0
2019-02-20,SELL,196.952,100,28,59,19608.2,347.935
2019-02-27,BUY,200.731,100,28,0,20101.1,0
2019-03-04,BUY,197.792,100,28,0,19807.2,0
2019-03-05,BUY,195.692,100,27,0,19596.2,0
2019-03-06,SELL,196.532,300,84,176,58699.6,-804.934
2019-03-08,BUY,193.172,100,27,0,19344.2,0
2019-03-11,SELL,193.592,100,27,58,19274.2,-70.0032
2019-03-14,BUY,196.952,100,28,0,19723.2,0
2019-03-15,SELL,200.731,100,28,60,19985.1,261.945
2019-03-19,BUY,201.991,100,28,0,20227.1,0
2019-03-20,SELL,203.251,100,28,60,20237.1,9.97961
2019-03-25,BUY,202.831,100,28,0,20311.1,0
2019-03-26,SELL,204.931,100,29,61,20403.1,91.967
2019-03-27,BUY,202.831,100,28,0,20311.1,0
2019-03-28,SELL,203.251,100,28,60,20237.1,-74.0093
2019-04-11,BUY,211.65,100,30,0,21195,0
2019-04-15,SELL,214.589,100,30,64,21364.9,169.959
2019-04-25,BUY,224.668,100,32,0,22498.8,0
2019-04-26,BUY,218.369,100,31,0,21867.9,0
2019-04-29,BUY,217.949,100,31,0,21825.9,0
2019-04-30,BUY,217.529,100,30,0,21782.9,0
2019-05-03,SELL,222.568,400,126,267,88634.3,658.838
2019-05-06,BUY,217.529,100,30,0,21782.9,0
2019-05-07,SELL,220.469,100,31,66,21949.9,166.959
2019-05-08,BUY,218.369,100,31,0,21867.9,0
2019-05-09,BUY,215.429,100,30,0,21572.9,0
2019-05-10,BUY,215.009,100,30,0,21530.9,0
2019-05-13,BUY,210.39,100,29,0,21068,0
2019-05-14,BUY,208.71,100,29,0,20900,0
2019-05-15,SELL,209.13,500,149,313,104103,-2836.7
2019-05-16,BUY,207.45,100,29,0,20774,0
2019-05-17,BUY,202.831,100,28,0,20311.1,0
2019-05-20,BUY,199.892,100,28,0,20017.2,0
2019-05-21,BUY,196.532,100,28,0,19681.2,0
2019-05-22,SELL,199.892,400,113,239,79604.6,-1178.89
2019-05-23,BUY,193.172,100,27,0,19344.2,0
2019-05-24,SELL,195.692,100,27,58,19484.2,139.97
2019-05-27,BUY,194.012,100,27,0,19428.2,0
2019-05-28,BUY,193.592,100,27,0,19386.2,0
2019-05-29,BUY,192.753,100,27,0,19302.3,0
2019-05-30,SELL,194.012,300,82,174,57947.7,-169.031
2019-06-04,BUY,195.692,100,27,0,19596.2,0
2019-06-05,SELL,197.372,100,28,59,19650.2,53.9733
2019-06-06,BUY,194.852,100,27,0,19512.2,0
2019-06-10,SELL,201.571,100,28,60,20069.1,556.906
2019-06-13,BUY,201.571,100,28,0,20185.1,0
2019-06-14,BUY,198.212,100,28,0,19849.2,0
2019-06-17,BUY,195.692,100,27,0,19596.2,0
2019-06-18,SELL,197.792,300,84,178,59075.5,-554.984
2019-06-25,BUY,206.975,100,29,0,20726.5,0
2019-06-26,BUY,203.503,100,28,0,20378.3,0
2019-06-27,SELL,208.71,200,59,125,41558.1,453.264
2019-06-28,BUY,207.409,100,29,0,20769.9,0
2019-07-01,SELL,215.653,100,30,64,21471.3,701.431
2019-07-03,BUY,210.446,100,29,0,21073.6,0
2019-07-04,SELL,211.748,100,30,63,21081.8,8.16968
2019-07-05,BUY,210.88,100,30,0,21118,0
2019-07-08,BUY,210.446,100,29,0,21073.6,0
2019-07-09,BUY,210.012,100,29,0,21030.2,0
2019-07-10,SELL,214.351,300,91,192,64022.3,800.552
2019-07-17,BUY,218.69,100,31,0,21900,0
2019-07-18,SELL,220.426,100,31,66,21945.6,45.5611
2019-07-26,BUY,226.501,100,32,0,22682.1,0
2019-07-30,BUY,225.633,100,32,0,22595.3,0
2019-07-31,BUY,225.199,100,32,0,22551.9,0
2019-08-01,BUY,222.595,100,31,0,22290.5,0
2019-08-02,BUY,218.256,100,31,0,21856.6,0
2019-08-05,BUY,213.917,100,30,0,21421.7,0
2019-08-06,SELL,215.653,600,184,388,128820,-4578.37
2019-08-07,BUY,215.219,100,30,0,21551.9,0
2019-08-08,SELL,219.992,100,31,65,21903.2,351.307
2019-08-12,BUY,217.822,100,31,0,21813.2,0
2019-08-13,BUY,213.917,100,30,0,21421.7,0
2019-08-14,SELL,216.521,200,61,129,43114.1,-120.83
2019-08-15,BUY,215.219,100,30,0,21551.9,0
2019-08-16,SELL,216.955,100,30,65,21600.5,48.5718
2019-08-22,BUY,220.426,100,31,0,22073.6,0
2019-08-26,BUY,215.653,100,30,0,21595.3,0
2019-08-27,SELL,216.955,200,61,130,43199.9,-468.948
2019-09-02,BUY,223.463,100,31,0,22377.3,0
2019-09-03,BUY,220.426,100,31,0,22073.6,0
2019-09-04,SELL,223.463,200,63,134,44495.6,44.7369
2019-09-10,BUY,226.934,100,32,0,22725.4,0
2019-09-11,SELL,228.236,100,32,68,22723.6,-1.82422
2019-09-12,BUY,227.802,100,32,0,22812.2,0
2019-09-16,SELL,230.406,100,32,69,22939.6,127.347
2019-09-17,BUY,229.972,100,32,0,23029.2,0
2019-09-18,SELL,231.707,100,33,69,23068.7,39.5611
2019-09-20,BUY,230.833,100,32,0,23115.3,0
2019-09-24,SELL,231.707,100,33,69,23068.7,-46.5641
2019-10-02,BUY,244.386,100,34,0,24472.6,0
2019-10-03,BUY,241.763,100,34,0,24210.3,0
2019-10-07,SELL,243.074,200,69,145,48400.8,-282.009
2019-10-09,BUY,246.572,100,35,0,24692.2,0
2019-10-14,SELL,253.567,100,36,76,25244.7,552.486
2019-10-17,BUY,256.627,100,36,0,25698.7,0
2019-10-18,BUY,256.19,100,36,0,25655,0
2019-10-21,BUY,253.567,100,36,0,25392.7,0
2019-10-22,SELL,257.064,300,109,231,76779.2,32.9189
2019-10-23,BUY,256.19,100,36,0,25655,0
2019-10-25,SELL,256.627,100,36,76,25550.7,-104.29
2019-10-31,BUY,260.999,100,37,0,26136.9,0
2019-11-01,SELL,261.436,100,37,78,26028.6,-108.271
2019-11-07,BUY,270.18,100,38,0,27056,0
2019-11-08,BUY,267.119,100,38,0,26749.9,0
2019-11-11,BUY,263.185,100,37,0,26355.5,0
2019-11-12,SELL,266.682,300,114,240,79650.6,-510.741
2019-11-13,BUY,265.808,100,37,0,26617.8,0
2019-11-14,BUY,265.371,100,37,0,26574.1,0
2019-11-15,SELL,268.431,200,76,161,53449.2,257.335
2019-11-20,BUY,274.114,100,39,0,27450.4,0
2019-11-21,BUY,271.928,100,38,0,27230.8,0
2019-11-22,BUY,270.18,100,38,0,27056,0
2019-11-25,BUY,268.431,100,38,0,26881.1,0
2019-11-27,SELL,271.928,400,154,326,108291,-326.967
2019-11-28,BUY,270.617,100,38,0,27099.7,0
2019-11-29,BUY,266.682,100,38,0,26706.2,0
2019-12-02,SELL,268.868,200,76,161,53536.6,-269.29
2019-12-03,BUY,268.431,100,38,0,26881.1,0
2019-12-04,BUY,267.557,100,38,0,26793.7,0
2019-12-05,SELL,272.803,200,77,163,54320.5,645.789
2019-12-10,BUY,274.114,100,39,0,27450.4,0
2019-12-11,SELL,278.923,100,39,83,27770.3,319.908
2019-12-16,BUY,293.788,100,41,0,29419.8,0
2019-12-17,SELL,301.657,100,42,90,30033.7,613.929
2019-12-18,BUY,301.22,100,42,0,30164,0
2019-12-19,BUY,295.054,100,42,0,29547.4,0
2019-12-20,BUY,289.77,100,41,0,29018,0
2019-12-23,SELL,294.174,300,125,264,87863.1,-866.313
2019-12-24,BUY,292.412,100,41,0,29282.2,0
2019-12-25,SELL,293.293,100,41,87,29201.3,-80.9293
2019-12-30,BUY,294.614,100,41,0,29502.4,0
2019-12-31,BUY,291.531,100,41,0,29194.1,0
2020-01-02,SELL,298.577,200,85,179,59451.5,754.949
2020-01-06,BUY,292.412,100,41,0,29282.2,0
2020-01-07,BUY,290.21,100,41,0,29062,0
2020-01-09,SELL,297.256,200,84,178,59189.3,845.017
2020-01-15,BUY,299.458,100,42,0,29987.8,0
2020-01-16,BUY,294.614,100,41,0,29502.4,0
2020-01-17,BUY,293.293,100,41,0,29370.3,0
2020-01-30,BUY,278.76,100,39,0,27915,0
2020-01-31,SELL,281.843,400,160,338,112239,-4536.31
2020-02-03,BUY,277.439,100,39,0,27782.9,0
2020-02-04,SELL,286.247,100,40,85,28499.7,716.768
2020-02-07,BUY,288.889,100,41,0,28929.9,0
2020-02-10,BUY,288.449,100,41,0,28885.9,0
2020-02-11,SELL,291.972,200,83,175,58136.3,320.559
2020-02-17,BUY,291.972,100,41,0,29238.2,0
2020-02-18,BUY,283.604,100,40,0,28400.4,0
2020-02-19,SELL,287.568,200,81,172,57260.6,-378.019
2020-02-20,BUY,286.687,100,40,0,28708.7,0
2020-02-21,BUY,286.247,100,40,0,28664.7,0
2020-02-24,BUY,281.843,100,40,0,28224.3,0
2020-02-25,SELL,283.604,300,121,255,84705.3,-892.365
2020-02-26,BUY,280.522,100,39,0,28091.2,0
2020-02-27,BUY,278.32,100,39,0,27871,0
2020-03-02,BUY,273.916,100,39,0,27430.6,0
2020-03-03,SELL,279.641,300,119,251,83522.3,129.492
2020-03-06,BUY,277.439,100,39,0,27782.9,0
2020-03-09,BUY,269.072,100,38,0,26945.2,0
2020-03-10,SELL,270.393,200,77,162,53839.6,-888.501
2020-03-11,BUY,265.989,100,37,0,26635.9,0
2020-03-12,BUY,258.943,100,36,0,25930.3,0
2020-03-13,BUY,255.42,100,36,0,25578,0
2020-03-16,BUY,243.53,100,34,0,24387,0
2020-03-17,BUY,236.044,100,33,0,23637.4,0
2020-03-18,BUY,228.997,100,32,0,22931.7,0
2020-03-19,BUY,220.549,100,31,0,22085.9,0
2020-03-20,SELL,240.114,700,239,504,167337,-3849.61
2020-03-23,BUY,226.774,100,32,0,22709.4,0
2020-03-24,SELL,237.891,100,33,71,23685.1,975.633
2020-03-27,BUY,242.782,100,34,0,24312.2,0
2020-03-30,BUY,237.891,100,33,0,23822.1,0
2020-03-31,SELL,243.671,200,69,146,48519.2,384.982
2020-04-01,BUY,241.448,100,34,0,24178.8,0
2020-04-06,SELL,245.005,100,34,73,24393.5,214.721
2020-04-09,BUY,251.675,100,35,0,25202.5,0
2020-04-10,BUY,248.562,100,35,0,24891.2,0
2020-04-13,BUY,247.673,100,35,0,24802.3,0
2020-04-14,SELL,253.454,300,108,228,75700.1,804.059
2020-04-16,BUY,254.787,100,36,0,25514.7,0
2020-04-17,SELL,272.574,100,38,81,27138.4,1623.62
2020-04-20,BUY,270.35,100,38,0,27073,0
2020-04-21,BUY,262.347,100,37,0,26271.7,0
2020-04-22,BUY,261.457,100,37,0,26182.7,0
2020-04-23,SELL,262.791,300,112,236,78489.4,-1038.06
2020-04-24,BUY,261.457,100,37,0,26182.7,0
2020-04-27,SELL,265.014,100,37,79,26385.4,202.722
2020-04-28,BUY,263.681,100,37,0,26405.1,0
2020-04-29,SELL,265.904,100,37,79,26474.4,69.3328
2020-05-04,BUY,262.347,100,37,0,26271.7,0
2020-05-05,SELL,262.791,100,37,78,26164.1,-107.542
2020-05-12,BUY,262.347,100,37,0,26271.7,0
2020-05-13,SELL,264.125,100,37,79,26296.5,24.8503
2020-05-14,BUY,260.568,100,37,0,26093.8,0
2020-05-15,SELL,265.014,100,37,79,26385.4,291.659
2020-05-18,BUY,257.9,100,36,0,25826,0
2020-05-19,SELL,259.234,100,36,77,25810.4,-15.6077
2020-05-22,BUY,259.679,100,37,0,26004.9,0
2020-05-26,SELL,262.791,100,37,78,26164.1,159.264
2020-05-28,BUY,261.457,100,37,0,26182.7,0
2020-05-29,BUY,259.679,100,37,0,26004.9,0
2020-06-01,SELL,262.791,200,74,157,52327.2,139.659
2020-06-11,BUY,285.024,100,40,0,28542.4,0
2020-06-12,BUY,281.022,100,40,0,28142.2,0
2020-06-15,BUY,275.242,100,39,0,27563.2,0
2020-06-16,SELL,280.133,300,119,252,83668.8,-578.95
2020-06-22,BUY,279.685,100,39,0,28007.5,0
2020-06-23,SELL,282.374,100,40,84,28113.4,105.93
2020-06-29,BUY,279.685,100,39,0,28007.5,0
2020-06-30,SELL,280.581,100,39,84,27935.1,-72.3485
2020-07-15,BUY,325.402,100,46,0,32586.2,0
2020-07-16,BUY,320.472,100,45,0,32092.2,0
2020-07-17,SELL,328.988,200,93,197,65507.6,829.159
2020-07-20,BUY,328.092,100,46,0,32855.2,0
2020-07-21,SELL,343.331,100,48,102,34183.1,1327.92
2020-07-23,BUY,341.986,100,48,0,34246.6,0
2020-07-24,SELL,346.02,100,49,103,34450,203.397
2020-07-29,BUY,378.291,100,53,0,37882.1,0
2020-07-30,SELL,389.048,100,55,116,38733.8,851.711
2020-07-31,BUY,381.429,100,54,0,38196.9,0
2020-08-03,BUY,372.913,100,53,0,37344.3,0
2020-08-04,SELL,381.429,200,108,228,75949.8,408.605
2020-08-07,BUY,388.152,100,55,0,38870.2,0
2020-08-10,SELL,390.393,100,55,117,38867.3,-2.89417
2020-08-11,BUY,384.566,100,54,0,38510.6,0
2020-08-12,BUY,375.602,100,53,0,37613.2,0
2020-08-13,SELL,384.566,200,109,230,76574.3,450.429
2020-08-14,BUY,382.773,100,54,0,38331.3,0
2020-08-17,SELL,389.945,100,55,116,38823.5,492.139
2020-08-18,BUY,388.152,100,55,0,38870.2,0
2020-08-19,BUY,383.222,100,54,0,38376.2,0
2020-08-20,BUY,372.016,100,53,0,37254.6,0
2020-08-21,SELL,380.532,300,162,342,113656,-845.297
2020-08-28,BUY,389.945,100,55,0,39049.5,0
2020-08-31,BUY,382.325,100,54,0,38286.5,0
2020-09-01,SELL,389.945,200,111,233,77645,308.963
2020-09-02,BUY,388.152,100,55,0,38870.2,0
2020-09-03,SELL,390.841,100,55,117,38912.1,41.927
2020-09-04,BUY,384.566,100,54,0,38510.6,0
2020-09-07,BUY,381.877,100,54,0,38241.7,0
2020-09-08,SELL,386.359,200,110,231,76930.8,178.49
2020-09-09,BUY,382.773,100,54,0,38331.3,0
2020-09-10,SELL,389.945,100,55,116,38823.5,492.139
2020-09-17,BUY,404.253,100,57,0,40482.3,0
2020-09-18,BUY,400.197,100,57,0,40076.7,0
2020-09-21,BUY,396.592,100,56,0,39715.2,0
2020-09-22,BUY,393.888,100,56,0,39444.8,0
2020-09-23,BUY,390.733,100,55,0,39128.3,0
2020-09-24,BUY,381.269,100,54,0,38180.9,0
2020-09-25,SELL,382.17,600,326,687,228289,-8739.03
2020-09-29,BUY,388.48,100,55,0,38903,0
2020-09-30,SELL,390.282,100,55,117,38856.2,-46.7327
2020-10-05,BUY,389.832,100,55,0,39038.2,0
2020-10-06,SELL,396.141,100,56,118,39440.1,401.939
2020-10-14,BUY,413.717,100,58,0,41429.7,0
2020-10-15,BUY,408.309,100,58,0,40888.9,0
2020-10-16,BUY,404.704,100,57,0,40527.4,0
2020-10-19,SELL,412.365,300,176,371,123163,316.548
2020-10-20,BUY,406.507,100,57,0,40707.7,0
2020-10-21,SELL,408.309,100,58,122,40650.9,-56.7296
2020-10-23,BUY,407.408,100,58,0,40798.8,0
2020-10-26,BUY,405.605,100,57,0,40617.5,0
2020-10-27,BUY,402.901,100,57,0,40347.1,0
2020-10-28,BUY,400.197,100,57,0,40076.7,0
2020-10-29,BUY,393.888,100,56,0,39444.8,0
2020-10-30,BUY,389.381,100,55,0,38993.1,0
2020-11-02,SELL,392.536,600,335,706,234480,-5797.6
2020-11-10,BUY,406.507,100,57,0,40707.7,0
2020-11-11,SELL,411.915,100,58,123,41010.5,302.814
2020-11-19,BUY,441.659,100,62,0,44227.9,0
2020-11-20,BUY,439.856,100,62,0,44047.6,0
2020-11-23,SELL,447.518,200,127,268,89108.6,833.017
2020-11-24,BUY,443.462,100,63,0,44409.2,0
2020-11-25,BUY,438.955,100,62,0,43957.5,0
2020-11-26,SELL,440.758,200,125,264,87762.5,-604.137
2020-11-30,BUY,433.096,100,61,0,43370.6,0
2020-12-01,SELL,441.659,100,62,132,43971.9,601.284
2020-12-03,BUY,447.968,100,63,0,44859.8,0
2020-12-04,SELL,453.377,100,64,136,45137.7,277.811
2020-12-09,BUY,468.699,100,66,0,46935.9,0
2020-12-10,BUY,461.489,100,65,0,46213.9,0
2020-12-11,SELL,465.094,200,132,279,92607.8,-542.006
2020-12-14,BUY,457.883,100,65,0,45853.3,0
2020-12-15,BUY,454.278,100,64,0,45491.8,0
2020-12-16,SELL,461.489,200,131,276,91890.7,545.61
2020-12-17,BUY,460.13,100,65,0,46078,0
2020-12-18,SELL,461.942,100,65,138,45991.2,-86.8477
2020-12-22,BUY,461.036,100,65,0,46168.6,0
2020-12-24,SELL,461.942,100,65,138,45991.2,-177.424
2021-01-14,BUY,536.215,100,76,0,53697.5,0
2021-01-15,SELL,544.366,100,77,163,54196.6,499.186
2021-01-22,BUY,587.843,100,83,0,58867.3,0
2021-01-25,BUY,573.351,100,81,0,57416.1,0
2021-01-26,BUY,558.859,100,79,0,55964.9,0
2021-01-27,BUY,557.047,100,79,0,55783.7,0
2021-01-28,BUY,544.366,100,77,0,54513.6,0
2021-01-29,BUY,535.309,100,76,0,53606.9,0
2021-02-01,SELL,553.424,600,473,996,330585,-5567.05
2021-02-03,BUY,570.634,100,81,0,57144.4,0
2021-02-04,BUY,567.916,100,80,0,56871.6,0
2021-02-05,SELL,572.445,200,163,343,113983,-32.9485
2021-02-18,BUY,597.807,100,85,0,59865.7,0
2021-02-19,BUY,590.56,100,84,0,59140,0
2021-02-22,BUY,588.749,100,83,0,58957.9,0
2021-02-23,BUY,580.597,100,82,0,58141.7,0
2021-02-24,BUY,566.105,100,80,0,56690.5,0
2021-02-25,SELL,575.162,500,409,862,286310,-6485.61
2021-02-26,BUY,548.895,100,78,0,54967.5,0
2021-03-02,SELL,551.612,100,78,165,54918.2,-49.2776
2021-03-04,BUY,544.366,100,77,0,54513.6,0
2021-03-08,BUY,541.649,100,77,0,54241.9,0
2021-03-09,BUY,538.932,100,76,0,53969.2,0
2021-03-10,SELL,540.743,300,231,486,161506,-1218.76
2021-03-15,BUY,553.424,100,78,0,55420.4,0
2021-03-16,SELL,555.236,100,79,166,55278.6,-141.842
2021-03-17,BUY,549.324,100,78,0,55010.4,0
2021-03-18,BUY,547.505,100,78,0,54828.5,0
2021-03-19,BUY,537.501,100,76,0,53826.1,0
2021-03-22,SELL,539.32,300,230,485,161081,-2584.01
2021-03-24,BUY,523.859,100,74,0,52459.9,0
2021-03-25,BUY,522.949,100,74,0,52368.9,0
2021-03-26,SELL,536.591,200,152,321,106845,2016.48
2021-03-30,BUY,542.958,100,77,0,54372.8,0
2021-03-31,BUY,533.863,100,76,0,53462.3,0
2021-04-01,SELL,547.505,200,156,328,109017,1181.94
2021-04-09,BUY,554.781,100,79,0,55557.1,0
2021-04-12,BUY,550.234,100,78,0,55101.4,0
2021-04-14,SELL,556.6,200,158,333,110829,170.524
2021-04-16,BUY,554.781,100,79,0,55557.1,0
2021-04-19,BUY,548.414,100,78,0,54919.4,0
2021-04-20,BUY,547.505,100,78,0,54828.5,0
2021-04-21,BUY,538.41,100,76,0,53917,0
2021-04-22,BUY,537.501,100,76,0,53826.1,0
2021-04-23,SELL,547.505,500,390,821,272541,-506.655
2021-04-28,BUY,547.505,100,78,0,54828.5,0
2021-04-29,BUY,545.686,100,77,0,54645.6,0
2021-05-03,BUY,534.772,100,76,0,53553.2,0
2021-05-04,SELL,537.501,300,229,483,160538,-2489.16
2021-05-05,BUY,532.044,100,75,0,53279.4,0
2021-05-06,SELL,533.863,100,76,160,53150.3,-129.127
2021-05-10,BUY,535.682,100,76,0,53644.2,0
2021-05-11,BUY,519.311,100,74,0,52005.1,0
2021-05-12,BUY,509.307,100,72,0,51002.7,0
2021-05-13,BUY,497.484,100,70,0,49818.4,0
2021-05-14,SELL,506.579,400,288,607,201736,-4733.96
2021-05-17,BUY,499.303,100,71,0,50001.3,0
2021-05-18,SELL,520.221,100,74,156,51792.1,1790.81
2021-05-19,BUY,515.673,100,73,0,51640.3,0
2021-05-21,SELL,521.13,100,74,156,51883,242.679
2021-05-24,BUY,516.583,100,73,0,51731.3,0
2021-05-25,SELL,530.225,100,75,159,52788.5,1057.21
2021-05-27,BUY,529.315,100,75,0,53006.5,0
2021-05-28,SELL,536.591,100,76,160,53423.1,416.588
2021-06-02,BUY,541.139,100,77,0,54190.9,0
2021-06-03,SELL,542.048,100,77,162,53965.8,-225.052
2021-06-04,BUY,541.139,100,77,0,54190.9,0
2021-06-07,BUY,538.41,100,76,0,53917,0
2021-06-08,BUY,535.682,100,76,0,53644.2,0
2021-06-09,BUY,532.953,100,75,0,53370.3,0
2021-06-10,SELL,544.777,400,310,653,216948,1825.24
2021-06-16,BUY,550.234,100,78,0,55101.4,0
2021-06-17,SELL,553.43,100,78,166,55099,-2.34668
2021-06-18,BUY,550.69,100,78,0,55147,0
2021-06-21,BUY,532.425,100,75,0,53317.5,0
2021-06-22,BUY,527.859,100,75,0,52860.9,0
2021-06-23,SELL,543.384,300,232,489,162294,968.792
2021-06-24,BUY,538.818,100,76,0,53957.8,0
2021-06-25,SELL,539.731,100,76,161,53736.1,-221.673
2021-06-28,BUY,538.818,100,76,0,53957.8,0
2021-06-29,SELL,543.384,100,77,163,54098.4,140.604
2021-07-01,BUY,541.557,100,77,0,54232.7,0
2021-07-02,BUY,536.991,100,76,0,53775.1,0
2021-07-05,SELL,539.731,200,153,323,107470,-537.636
2021-07-08,BUY,536.991,100,76,0,53775.1,0
2021-07-09,BUY,533.338,100,76,0,53409.8,0
2021-07-12,SELL,541.557,200,154,324,107833,648.51
2021-07-16,BUY,537.905,100,76,0,53866.5,0
2021-07-19,BUY,531.512,100,75,0,53226.2,0
2021-07-20,BUY,530.599,100,75,0,53134.9,0
2021-07-21,SELL,534.252,300,228,480,159567,-660.038
2021-07-23,BUY,534.252,100,76,0,53501.2,0
2021-07-26,BUY,529.685,100,75,0,53043.5,0
2021-07-28,BUY,528.772,100,75,0,52952.2,0
2021-07-29,SELL,532.425,300,227,479,159022,-475.365
2021-07-30,BUY,529.685,100,75,0,53043.5,0
2021-08-02,SELL,538.818,100,76,161,53644.8,601.269
2021-08-06,BUY,539.731,100,76,0,54049.1,0
2021-08-09,SELL,543.384,100,77,163,54098.4,49.2771
2021-08-10,BUY,539.731,100,76,0,54049.1,0
2021-08-11,BUY,538.818,100,76,0,53957.8,0
2021-08-12,BUY,535.165,100,76,0,53592.5,0
2021-08-13,BUY,530.599,100,75,0,53134.9,0
2021-08-16,SELL,533.338,400,304,640,212391,-2342.87
2021-08-18,BUY,524.206,100,74,0,52494.6,0
2021-08-19,BUY,510.507,100,72,0,51122.7,0
2021-08-20,BUY,504.114,100,71,0,50482.4,0
2021-08-23,SELL,516.9,300,220,465,154385,285.228
2021-09-01,BUY,559.823,100,79,0,56061.3,0
2021-09-02,BUY,554.343,100,78,0,55512.3,0
2021-09-03,SELL,566.215,200,161,339,112743,1169.51
2021-09-07,BUY,568.955,100,81,0,56976.5,0
2021-09-08,BUY,565.302,100,80,0,56610.2,0
2021-09-10,SELL,568.042,200,161,340,113107,-479.34
2021-09-13,BUY,561.649,100,80,0,56244.9,0
2021-09-14,BUY,559.823,100,79,0,56061.3,0
2021-09-15,BUY,554.343,100,78,0,55512.3,0
2021-09-16,BUY,550.444,100,78,0,55122.4,0
2021-09-22,BUY,537.6,100,76,0,53836,0
2021-09-23,SELL,539.435,500,384,809,268525,-8252.3
2021-09-28,BUY,544.94,100,77,0,54571,0
2021-09-29,BUY,532.096,100,75,0,53284.6,0
2021-10-01,BUY,526.592,100,75,0,52734.2,0
2021-10-04,BUY,524.757,100,74,0,52549.7,0
2021-10-06,BUY,523.839,100,74,0,52457.9,0
2021-10-07,SELL,532.096,500,379,798,264871,-726.329
2021-10-08,BUY,527.509,100,75,0,52825.9,0
2021-10-13,BUY,523.839,100,74,0,52457.9,0
2021-10-14,SELL,525.674,200,149,315,104671,-612.982
2021-10-18,BUY,541.27,100,77,0,54204,0
2021-10-19,SELL,550.444,100,78,165,54801.4,597.407
2021-10-20,BUY,548.609,100,78,0,54938.9,0
2021-10-21,BUY,546.774,100,77,0,54754.4,0
2021-10-22,SELL,550.444,200,156,330,109603,-90.5361
2021-10-25,BUY,544.022,100,77,0,54479.2,0
2021-10-26,SELL,549.527,100,78,164,54710.7,231.458
2021-10-28,BUY,545.857,100,77,0,54662.7,0
2021-10-29,BUY,541.27,100,77,0,54204,0
2021-11-02,SELL,543.105,200,154,325,108142,-724.724
2021-11-04,BUY,538.518,100,76,0,53927.8,0
2021-11-05,SELL,550.444,100,78,165,54801.4,873.633
2021-11-11,BUY,555.949,100,79,0,55673.9,0
2021-11-12,BUY,554.114,100,78,0,55489.4,0
2021-11-15,SELL,557.783,200,158,334,111065,-98.5728
2021-11-22,BUY,564.205,100,80,0,56500.5,0
2021-11-23,BUY,561.453,100,80,0,56225.3,0
2021-11-24,BUY,553.196,100,78,0,55397.6,0
2021-11-26,BUY,546.774,100,77,0,54754.4,0
2021-11-29,BUY,544.022,100,77,0,54479.2,0
2021-11-30,SELL,546.774,500,389,820,272178,-5178.94
2021-12-03,BUY,557.783,100,79,0,55857.3,0
2021-12-06,BUY,550.444,100,78,0,55122.4,0
2021-12-07,SELL,556.866,200,158,334,110881,-98.5667
2021-12-08,BUY,552.279,100,78,0,55305.9,0
2021-12-09,SELL,557.783,100,79,167,55532.3,226.433
2021-12-10,BUY,555.031,100,79,0,55582.1,0
2021-12-13,BUY,551.361,100,78,0,55214.1,0
2021-12-14,BUY,549.527,100,78,0,55030.7,0
2021-12-15,SELL,550.444,300,235,495,164403,-1423.67
2021-12-20,BUY,551.135,100,78,0,55191.5,0
2021-12-21,BUY,550.214,100,78,0,55099.4,0
2021-12-22,SELL,552.979,200,157,331,110108,-183.16
2021-12-24,BUY,556.665,100,79,0,55745.5,0
2021-12-27,SELL,558.508,100,79,167,55604.8,-140.68
2021-12-30,BUY,566.803,100,80,0,56760.3,0
2022-01-03,SELL,581.549,100,82,174,57898.9,1138.62
2022-01-05,BUY,599.06,100,85,0,59991,0
2022-01-06,BUY,593.53,100,84,0,59437,0
2022-01-07,BUY,584.314,100,83,0,58514.4,0
2022-01-10,SELL,592.609,300,253,533,176997,-945.776
2022-01-18,BUY,610.12,100,86,0,61098,0
2022-01-19,BUY,602.747,100,85,0,60359.7,0
2022-01-20,BUY,599.982,100,85,0,60083.2,0
2022-01-21,BUY,590.766,100,84,0,59160.6,0
2022-01-24,SELL,601.825,400,343,722,239665,-1036.31
2022-01-25,BUY,590.766,100,84,0,59160.6,0
2022-01-26,BUY,586.157,100,83,0,58698.7,0
2022-02-07,BUY,585.236,100,83,0,58606.6,0
2022-02-08,BUY,578.784,100,82,0,57960.4,0
2022-02-09,SELL,583.392,400,332,700,232325,-2101.3
2022-02-14,BUY,587.079,100,83,0,58790.9,0
2022-02-15,BUY,583.392,100,83,0,58422.2,0
2022-02-16,SELL,595.374,200,169,357,118549,1335.58
2022-02-17,BUY,594.452,100,84,0,59529.2,0
2022-02-18,BUY,587.079,100,83,0,58790.9,0
2022-02-21,BUY,582.471,100,83,0,58330.1,0
2022-02-22,BUY,577.863,100,82,0,57868.3,0
2022-02-23,BUY,576.019,100,82,0,57683.9,0
2022-02-24,BUY,556.665,100,79,0,55745.5,0
2022-03-02,BUY,553.9,100,78,0,55468,0
2022-03-03,SELL,554.822,700,553,1165,386657,-16758.6
2022-03-04,BUY,548.37,100,78,0,54915,0
2022-03-07,BUY,530.859,100,75,0,53160.9,0
2022-03-08,BUY,518.878,100,73,0,51960.8,0
2022-03-09,SELL,523.487,300,223,471,156352,-3684.83
2022-03-11,BUY,529.938,100,75,0,53068.8,0
2022-03-14,BUY,527.173,100,75,0,52792.3,0
2022-03-15,BUY,514.27,100,73,0,51500,0
2022-03-16,SELL,516.817,300,220,465,154360,-3000.91
2022-03-18,BUY,538.12,100,76,0,53888,0
2022-03-21,SELL,542.75,100,77,162,54036,148.074
2022-03-22,BUY,539.972,100,76,0,54073.2,0
2022-03-23,SELL,546.455,100,77,163,54405.5,332.346
2022-03-28,BUY,540.898,100,77,0,54166.8,0
2022-03-29,SELL,545.529,100,77,163,54312.9,146.08
2022-03-31,BUY,552.939,100,78,0,55371.9,0
2022-04-01,BUY,545.529,100,77,0,54629.9,0
2022-04-06,BUY,535.341,100,76,0,53610.1,0
2022-04-07,BUY,524.227,100,74,0,52496.7,0
2022-04-08,SELL,525.153,400,299,630,209132,-6976.36
2022-04-11,BUY,516.817,100,73,0,51754.7,0
2022-04-12,BUY,515.891,100,73,0,51662.1,0
2022-04-13,SELL,530.71,200,151,318,105673,2256.21
2022-04-15,BUY,520.522,100,74,0,52126.2,0
2022-04-18,BUY,519.596,100,74,0,52033.6,0
2022-04-19,SELL,523.3,200,149,313,104198,38.3215
2022-04-21,BUY,523.3,100,74,0,52404,0
2022-04-22,BUY,516.817,100,73,0,51754.7,0
2022-04-25,BUY,506.629,100,72,0,50734.9,0
2022-04-26,BUY,505.703,100,72,0,50642.3,0
2022-04-27,BUY,487.179,100,69,0,48786.9,0
2022-04-28,SELL,491.81,500,350,737,244818,-9504.89
2022-05-03,BUY,491.81,100,70,0,49251,0
2022-05-04,SELL,494.588,100,70,148,49240.8,-10.1466
2022-05-06,BUY,489.031,100,69,0,48972.1,0
2022-05-09,BUY,481.622,100,68,0,48230.2,0
2022-05-10,BUY,479.769,100,68,0,48044.9,0
2022-05-11,SELL,482.548,300,206,434,144124,-1122.87
2022-05-12,BUY,467.729,100,66,0,46838.9,0
2022-05-13,SELL,473.286,100,67,141,47120.6,281.716
2022-05-19,BUY,483.474,100,68,0,48415.4,0
2022-05-20,SELL,490.884,100,69,147,48872.4,456.958
2022-05-23,BUY,489.031,100,69,0,48972.1,0
2022-05-24,BUY,481.622,100,68,0,48230.2,0
2022-05-25,SELL,485.327,200,138,291,96636.3,-565.997
2022-05-26,BUY,476.064,100,67,0,47673.4,0
2022-05-27,SELL,490.884,100,69,147,48872.4,1198.92
2022-06-01,BUY,508.481,100,72,0,50920.1,0
2022-06-02,BUY,500.146,100,71,0,50085.6,0
2022-06-07,BUY,495.515,100,70,0,49621.5,0
2022-06-08,SELL,503.85,300,215,453,150487,-140.024
2022-06-09,BUY,501.072,100,71,0,50178.2,0
2022-06-10,BUY,490.884,100,69,0,49157.4,0
2022-06-13,BUY,477.917,100,68,0,47859.7,0
2022-06-14,BUY,475.138,100,67,0,47580.8,0
2022-06-15,BUY,471.434,100,67,0,47210.4,0
2022-06-16,SELL,473.063,500,337,709,235486,-6500.79
2022-06-17,BUY,466.545,100,66,0,46720.5,0
2022-06-20,BUY,463.751,100,66,0,46441.1,0
2022-06-21,SELL,470.27,200,134,282,93637.9,476.359
2022-06-22,BUY,460.492,100,65,0,46114.2,0
2022-06-23,BUY,452.111,100,64,0,45275.1,0
2022-06-24,SELL,453.042,200,129,271,90208.4,-1180.86
2022-06-28,BUY,463.285,100,66,0,46394.5,0
2022-06-29,BUY,457.232,100,65,0,45788.2,0
2022-06-30,BUY,443.264,100,63,0,44389.4,0
2022-07-01,BUY,422.311,100,60,0,42291.1,0
2022-07-04,BUY,409.74,100,58,0,41032,0
2022-07-05,SELL,415.327,500,295,622,206747,-13148.7
2022-07-06,BUY,405.549,100,57,0,40611.9,0
2022-07-07,SELL,426.036,100,60,127,42416.6,1804.7
2022-07-11,BUY,430.227,100,61,0,43083.7,0
2022-07-12,BUY,418.586,100,59,0,41917.6,0
2022-07-13,SELL,438.142,200,124,262,87242.4,2241.11
2022-07-19,BUY,457.232,100,65,0,45788.2,0
2022-07-20,SELL,460.957,100,65,138,45892.7,104.491
2022-07-25,BUY,465.148,100,66,0,46580.8,0
2022-07-26,BUY,460.957,100,65,0,46160.7,0
2022-07-27,SELL,467.476,200,133,280,93082.2,340.674
2022-07-28,BUY,466.545,100,66,0,46720.5,0
2022-07-29,SELL,473.994,100,67,142,47190.4,469.989
2022-08-01,BUY,469.338,100,66,0,46999.8,0
2022-08-02,BUY,458.164,100,65,0,45881.4,0
2022-08-03,SELL,466.545,200,132,279,92897.9,16.7372
2022-08-04,BUY,465.613,100,66,0,46627.3,0
2022-08-05,SELL,480.513,100,68,144,47839.3,1211.97
2022-08-08,BUY,476.788,100,67,0,47745.8,0
2022-08-09,BUY,474.926,100,67,0,47559.6,0
2022-08-10,BUY,465.613,100,66,0,46627.3,0
2022-08-11,SELL,478.651,300,204,430,142961,1028.45
2022-08-18,BUY,484.238,100,69,0,48492.8,0
2022-08-19,BUY,483.307,100,68,0,48398.7,0
2022-08-22,BUY,476.788,100,67,0,47745.8,0
2022-08-23,BUY,469.338,100,66,0,46999.8,0
2022-08-24,BUY,468.407,100,66,0,46906.7,0
2022-08-25,SELL,473.063,500,337,709,235486,-3058.17
2022-08-29,BUY,464.217,100,66,0,46487.7,0
2022-08-30,BUY,461.888,100,65,0,46253.8,0
2022-08-31,SELL,470.27,200,134,282,93637.9,896.399
2022-09-01,BUY,456.767,100,65,0,45741.7,0
2022-09-02,BUY,451.645,100,64,0,45228.5,0
2022-09-05,SELL,452.576,200,128,271,90116.2,-853.922
2022-09-07,BUY,440.005,100,62,0,44062.5,0
2022-09-08,SELL,442.333,100,63,132,44038.3,-24.1906
2022-09-14,BUY,446.989,100,63,0,44761.9,0
2022-09-15,BUY,446.286,100,63,0,44691.6,0
2022-09-16,BUY,442.072,100,62,0,44269.2,0
2022-09-19,BUY,437.389,100,62,0,43800.9,0
2022-09-20,SELL,446.286,400,254,535,177726,201.991
2022-09-21,BUY,441.135,100,62,0,44175.5,0
2022-09-22,BUY,435.047,100,61,0,43565.7,0
2022-09-23,BUY,426.15,100,60,0,42675,0
2022-09-26,BUY,418.189,100,59,0,41877.9,0
2022-09-27,SELL,419.593,400,239,503,167095,-5198.69
2022-09-28,BUY,410.228,100,58,0,41080.8,0
2022-09-29,BUY,407.418,100,58,0,40799.8,0
2022-09-30,BUY,395.242,100,56,0,39580.2,0
2022-10-03,BUY,390.559,100,55,0,39110.9,0
2022-10-04,SELL,401.798,400,229,482,160008,-563.354
2022-10-07,BUY,410.228,100,58,0,41080.8,0
2022-10-11,BUY,376.042,100,53,0,37657.2,0
2022-10-12,BUY,372.296,100,53,0,37282.6,0
2022-10-13,BUY,369.954,100,52,0,37047.4,0
2022-10-14,SELL,385.876,400,219,463,153668,600.517
2022-10-17,BUY,371.827,100,52,0,37234.7,0
2022-10-18,SELL,381.193,100,54,114,37951.3,716.597
2022-10-19,BUY,370.422,100,52,0,37094.2,0
2022-10-20,SELL,372.296,100,53,111,37065.6,-28.677
2022-10-21,BUY,364.803,100,51,0,36531.3,0
2022-10-24,BUY,362.461,100,51,0,36297.1,0
2022-10-25,BUY,347.476,100,49,0,34796.6,0
2022-10-26,SELL,352.159,300,150,316,105182,-2443.35
2022-10-28,BUY,355.437,100,50,0,35593.7,0
2022-10-31,SELL,365.271,100,52,109,36366.1,772.426
2022-11-03,BUY,359.652,100,51,0,36016.2,0
2022-11-04,BUY,357.778,100,50,0,35827.8,0
2022-11-07,SELL,365.271,200,104,219,72731.2,887.234
2022-11-10,BUY,381.661,100,54,0,38220.1,0
2022-11-11,SELL,413.506,100,58,124,41168.6,2948.41
2022-11-17,BUY,454.247,100,64,0,45488.7,0
2022-11-18,SELL,456.121,100,64,136,45412.1,-76.6709
2022-11-21,BUY,451.438,100,64,0,45207.8,0
2022-11-22,SELL,459.867,100,65,137,45784.7,576.932
2022-11-28,BUY,450.033,100,64,0,45067.3,0
2022-11-29,SELL,456.121,100,64,136,45412.1,344.795
2022-12-02,BUY,461.272,100,65,0,46192.2,0
2022-12-05,BUY,457.994,100,65,0,45864.4,0
2022-12-06,BUY,447.691,100,63,0,44832.1,0
2022-12-07,BUY,444.881,100,63,0,44551.1,0
2022-12-08,BUY,441.603,100,62,0,44222.3,0
2022-12-09,SELL,450.969,500,321,676,224488,-1174.5
2022-12-12,BUY,444.881,100,63,0,44551.1,0
2022-12-13,BUY,441.603,100,62,0,44222.3,0
2022-12-14,SELL,450.033,200,128,270,89608.5,835.063
2022-12-16,BUY,443.674,100,63,0,44430.4,0
2022-12-19,BUY,439.435,100,62,0,44005.5,0
2022-12-20,BUY,430.958,100,61,0,43156.8,0
2022-12-21,SELL,432.371,300,184,389,129138,-2454.56
2022-12-23,BUY,428.603,100,61,0,42921.3,0
2022-12-26,SELL,430.016,100,61,129,42811.6,-109.701
2022-12-28,BUY,424.835,100,60,0,42543.5,0
2022-12-29,BUY,420.125,100,59,0,42071.5,0
2022-12-30,SELL,422.48,200,120,253,84122.9,-492.006
2023-01-04,BUY,423.422,100,60,0,42402.2,0
2023-01-05,SELL,431.9,100,61,129,43000,597.784
2023-01-11,BUY,456.391,100,65,0,45704.1,0
2023-01-12,SELL,458.275,100,65,137,45625.5,-78.5997
2023-01-17,BUY,473.818,100,67,0,47448.8,0
2023-01-30,SELL,511.497,100,72,153,50924.7,3475.93
2023-01-31,BUY,491.716,100,70,0,49241.6,0
2023-02-01,SELL,499.251,100,71,149,49705.1,463.592
2023-02-06,BUY,495.483,100,70,0,49618.3,0
2023-02-07,BUY,492.658,100,70,0,49335.8,0
2023-02-08,SELL,508.671,200,144,305,101285,2331.14
2023-02-13,BUY,509.613,100,72,0,51033.3,0
2023-02-14,SELL,513.381,100,73,154,51111.1,77.7853
2023-02-15,BUY,494.542,100,70,0,49524.2,0
2023-02-16,SELL,497.368,100,70,149,49517.8,-6.40112
2023-02-17,BUY,487.948,100,69,0,48863.8,0
2023-02-20,BUY,487.006,100,69,0,48769.6,0
2023-02-21,BUY,486.064,100,69,0,48675.4,0
2023-02-22,BUY,477.586,100,68,0,47826.6,0
2023-02-23,SELL,487.948,400,278,585,194316,180.781
2023-02-24,BUY,481.354,100,68,0,48203.4,0
2023-03-01,SELL,491.716,100,70,147,48954.6,751.179
2023-03-02,BUY,488.89,100,69,0,48958,0
2023-03-03,BUY,486.064,100,69,0,48675.4,0
2023-03-06,SELL,490.774,200,139,294,97721.7,88.3781
2023-03-08,BUY,490.774,100,69,0,49146.4,0
2023-03-09,SELL,491.716,100,70,147,48954.6,-191.798
2023-03-10,BUY,483.238,100,68,0,48391.8,0
2023-03-13,SELL,486.064,100,69,145,48392.4,0.595825
2023-03-14,BUY,480.412,100,68,0,48109.2,0
2023-03-15,SELL,481.354,100,68,144,47923.4,-185.795
2023-03-16,BUY,478.276,100,68,0,47895.6,0
2023-03-17,SELL,490.588,100,69,147,48842.8,947.204
2023-03-20,BUY,484.905,100,69,0,48559.5,0
2023-03-21,SELL,489.64,100,69,146,48749,189.538
2023-03-27,BUY,502.9,100,71,0,50361,0
2023-03-28,BUY,497.217,100,70,0,49791.7,0
2023-03-29,SELL,501.953,200,143,301,99946.5,-206.164
2023-03-31,BUY,504.794,100,71,0,50550.4,0
2023-04-06,BUY,501.953,100,71,0,50266.3,0
2023-04-07,SELL,502.9,200,143,301,100136,-680.717
2023-04-10,BUY,501.005,100,71,0,50171.5,0
2023-04-11,BUY,496.27,100,70,0,49697,0
2023-04-12,BUY,492.482,100,70,0,49318.2,0
2023-04-13,BUY,483.011,100,68,0,48369.1,0
2023-04-14,SELL,488.693,400,278,586,194613,-2942.46
2023-04-18,BUY,487.746,100,69,0,48843.6,0
2023-04-19,BUY,483.011,100,68,0,48369.1,0
2023-04-20,SELL,485.852,200,138,291,96741.4,-471.298
2023-04-21,BUY,483.958,100,68,0,48463.8,0
2023-04-24,BUY,480.17,100,68,0,48085,0
2023-04-25,BUY,471.646,100,67,0,47231.6,0
2023-04-26,BUY,465.49,100,66,0,46615,0
2023-04-27,SELL,467.384,400,266,560,186128,-4267.73
2023-05-02,BUY,474.487,100,67,0,47515.7,0
2023-05-03,BUY,469.752,100,66,0,47041.2,0
2023-05-04,SELL,471.646,200,134,282,93913.2,-643.711
2023-05-10,BUY,476.381,100,67,0,47705.1,0
2023-05-11,BUY,472.593,100,67,0,47326.3,0
2023-05-12,BUY,469.752,100,66,0,47041.2,0
2023-05-15,BUY,469.278,100,66,0,46993.8,0
2023-05-16,SELL,478.276,400,272,573,190465,1398.76
2023-05-22,BUY,502.9,100,71,0,50361,0
2023-05-23,BUY,501.953,100,71,0,50266.3,0
2023-05-24,BUY,497.217,100,70,0,49791.7,0
2023-05-25,SELL,514.265,300,219,462,153598,3179.44
2023-05-30,BUY,536.047,100,76,0,53680.7,0
2023-05-31,BUY,528.471,100,75,0,52922.1,0
2023-06-01,BUY,521.841,100,74,0,52258.1,0
2023-06-02,SELL,532.259,300,227,479,158972,110.785
2023-06-05,BUY,525.63,100,74,0,52637,0
2023-06-06,SELL,530.365,100,75,159,52802.5,165.541
2023-06-08,BUY,529.418,100,75,0,53016.8,0
2023-06-09,SELL,535.1,100,76,160,53274,257.25
2023-06-14,BUY,558.777,100,79,0,55956.7,0
2023-06-15,SELL,562.345,100,80,168,55986.5,29.8115
2023-06-16,BUY,560.442,100,79,0,56123.2,0
2023-06-19,BUY,554.733,100,79,0,55552.3,0
2023-06-21,BUY,552.83,100,78,0,55361,0
2023-06-26,BUY,546.17,100,77,0,54694,0
2023-06-27,BUY,544.267,100,77,0,54503.7,0
2023-06-28,SELL,546.17,500,389,819,271877,-4357.41
2023-06-29,BUY,545.218,100,77,0,54598.8,0
2023-06-30,SELL,548.073,100,78,164,54565.3,-33.5569
2023-07-05,BUY,553.782,100,78,0,55456.2,0
2023-07-06,BUY,537.606,100,76,0,53836.6,0
2023-07-11,SELL,549.024,200,156,329,109320,27.0583
2023-07-18,BUY,552.83,100,78,0,55361,0
2023-07-20,BUY,550.927,100,78,0,55170.7,0
2023-07-21,BUY,532.848,100,75,0,53359.8,0
2023-07-24,BUY,530.945,100,75,0,53169.5,0
2023-07-25,SELL,541.412,400,308,649,215608,-1453.34
2023-07-26,BUY,538.557,100,76,0,53931.7,0
2023-07-27,SELL,541.412,100,77,162,53902.2,-29.5447
2023-07-28,BUY,539.509,100,76,0,54026.9,0
2023-07-31,BUY,537.606,100,76,0,53836.6,0
2023-08-01,SELL,539.509,200,153,323,107426,-437.698
2023-08-02,BUY,533.8,100,76,0,53456,0
2023-08-04,BUY,527.139,100,75,0,52788.9,0
2023-08-07,SELL,530.945,200,151,318,105720,-524.852
2023-08-08,BUY,525.236,100,74,0,52597.6,0
2023-08-09,SELL,527.139,100,75,158,52480.9,-116.705
2023-08-10,BUY,524.285,100,74,0,52502.5,0
2023-08-11,BUY,519.527,100,74,0,52026.7,0
2023-08-14,BUY,514.77,100,73,0,51550,0
2023-08-15,SELL,515.721,300,220,464,154032,-2046.85
2023-08-18,BUY,512.867,100,73,0,51359.7,0
2023-08-21,BUY,510.964,100,72,0,51168.4,0
2023-08-22,SELL,514.77,200,146,308,102500,-28.0863
2023-08-25,BUY,519.527,100,74,0,52026.7,0
2023-08-28,SELL,522.382,100,74,156,52008.2,-18.5386
2023-08-31,BUY,522.382,100,74,0,52312.2,0
2023-09-01,BUY,521.43,100,74,0,52217,0
2023-09-04,SELL,529.994,200,151,317,105531,1001.58
2023-09-05,BUY,525.236,100,74,0,52597.6,0
2023-09-06,BUY,523.333,100,74,0,52407.3,0
2023-09-07,BUY,515.721,100,73,0,51645.1,0
2023-09-08,BUY,512.867,100,73,0,51359.7,0
2023-09-11,BUY,510.012,100,72,0,51073.2,0
2023-09-12,SELL,517.624,500,368,776,257668,-1414.86
2023-09-13,BUY,514.77,100,73,0,51550,0
2023-09-14,SELL,526.251,100,74,157,52394.1,844.181
2023-09-18,BUY,516.683,100,73,0,51741.3,0
2023-09-19,BUY,514.77,100,73,0,51550,0
2023-09-20,BUY,511.899,100,72,0,51261.9,0
2023-09-21,BUY,504.245,100,71,0,50495.5,0
2023-09-22,BUY,499.46,100,71,0,50017,0
2023-09-25,SELL,502.331,500,357,753,250055,-5010.27
2023-09-26,BUY,496.59,100,70,0,49729,0
2023-09-27,SELL,499.46,100,71,149,49726,-2.94556
2023-10-03,BUY,506.158,100,72,0,50687.8,0
2023-10-04,BUY,497.547,100,70,0,49824.7,0
2023-10-05,SELL,505.201,200,143,303,100594,81.7876
2023-10-16,BUY,521.467,100,74,0,52220.7,0
2023-10-17,SELL,527.208,100,75,158,52487.8,267.103
2023-10-18,BUY,516.683,100,73,0,51741.3,0
2023-10-19,SELL,522.424,100,74,156,52012.4,271.091
2023-10-23,BUY,520.511,100,74,0,52125.1,0
2023-10-26,BUY,508.072,100,72,0,50879.2,0
2023-10-27,SELL,509.986,200,145,305,101547,-1457.12
2023-10-30,BUY,509.029,100,72,0,50974.9,0
2023-10-31,BUY,506.158,100,72,0,50687.8,0
2023-11-01,BUY,505.201,100,71,0,50591.1,0
2023-11-02,SELL,523.381,300,223,471,156320,4066.47
2023-11-17,BUY,554.956,100,79,0,55574.6,0
2023-11-20,BUY,552.086,100,78,0,55286.6,0
2023-11-21,SELL,559.74,200,159,335,111454,592.872
2023-11-22,BUY,552.086,100,78,0,55286.6,0
2023-11-23,SELL,553.042,100,78,165,55061.2,-225.321
2023-11-24,BUY,550.172,100,78,0,55095.2,0
2023-11-27,BUY,543.474,100,77,0,54424.4,0
2023-11-28,SELL,550.172,200,156,330,109548,28.7815
2023-11-29,BUY,549.215,100,78,0,54999.5,0
2023-11-30,SELL,552.086,100,78,165,54965.6,-33.9578
2023-12-04,BUY,549.215,100,78,0,54999.5,0
2023-12-05,BUY,545.388,100,77,0,54615.8,0
2023-12-07,BUY,541.561,100,77,0,54233.1,0
2023-12-08,SELL,545.388,300,233,490,162893,-954.988
2023-12-13,BUY,552.086,100,78,0,55286.6,0
2023-12-14,SELL,559.78,100,79,167,55732,445.458
2023-12-21,BUY,554.971,100,79,0,55576.1,0
2023-12-22,SELL,559.78,100,79,167,55732,155.92
2023-12-25,BUY,558.818,100,79,0,55960.8,0
2023-12-26,SELL,563.628,100,80,169,56113.8,152.92
2024-01-03,BUY,555.933,100,79,0,55672.3,0
2024-01-04,SELL,557.857,100,79,167,55539.7,-132.642
2024-01-05,BUY,554.009,100,78,0,55478.9,0
2024-01-08,SELL,560.742,100,79,168,55827.2,348.279
2024-01-10,BUY,561.704,100,80,0,56250.4,0
2024-01-11,SELL,563.628,100,80,169,56113.8,-136.623
2024-01-12,BUY,561.704,100,80,0,56250.4,0
2024-01-15,SELL,563.628,100,80,169,56113.8,-136.623
2024-01-16,BUY,557.857,100,79,0,55864.7,0
2024-01-17,SELL,558.818,100,79,167,55635.8,-228.821
2024-01-24,BUY,603.062,100,85,0,60391.2,0
2024-01-25,SELL,617.489,100,87,185,61476.9,1085.74
2024-01-30,BUY,617.489,100,87,0,61835.9,0
2024-01-31,BUY,604.024,100,86,0,60488.4,0
2024-02-02,SELL,610.757,200,174,366,121611,-713.006
2024-02-16,BUY,656.924,100,93,0,65785.4,0
2024-02-19,BUY,652.115,100,92,0,65303.5,0
2024-02-20,SELL,660.771,200,188,396,131570,481.366
2024-02-21,BUY,655.001,100,93,0,65593.1,0
2024-02-22,SELL,665.581,100,94,199,66265.1,672.002
2024-02-29,BUY,663.657,100,94,0,66459.7,0
2024-03-01,BUY,662.695,100,94,0,66363.5,0
2024-03-04,SELL,697.321,200,198,418,138848,6024.92
2024-03-11,BUY,736.755,100,104,0,73779.5,0
2024-03-12,SELL,740.603,100,105,222,73733.3,-46.2649
2024-03-15,BUY,724.252,100,103,0,72528.2,0
2024-03-18,SELL,738.263,100,105,221,73500.3,972.129
2024-03-19,BUY,736.33,100,104,0,73737,0
2024-03-20,BUY,732.465,100,104,0,73350.5,0
2024-03-21,SELL,757.589,200,215,454,150849,3761.29
2024-03-25,BUY,753.724,100,107,0,75479.4,0
2024-03-26,SELL,755.657,100,107,226,75232.7,-246.744
2024-03-27,BUY,752.758,100,107,0,75382.8,0
2024-03-28,BUY,743.095,100,105,0,74414.5,0
2024-03-29,SELL,749.859,200,213,449,149310,-487.47
2024-04-01,BUY,744.061,100,106,0,74512.1,0
2024-04-02,SELL,763.387,100,108,229,76001.7,1489.62
2024-04-03,BUY,753.724,100,107,0,75479.4,0
2024-04-08,SELL,756.623,100,107,226,75329.3,-150.107
2024-04-10,BUY,787.545,100,112,0,78866.5,0
2024-04-11,SELL,792.377,100,112,237,78888.7,22.1482
2024-04-12,BUY,790.444,100,112,0,79156.4,0
2024-04-15,BUY,778.848,100,110,0,77994.8,0
2024-04-16,BUY,761.454,100,108,0,76253.4,0
2024-04-17,SELL,776.916,300,332,699,232044,-1360.98
2024-04-19,BUY,724.735,100,103,0,72576.5,0
2024-04-22,BUY,717.004,100,102,0,71802.4,0
2024-04-23,SELL,728.6,200,207,437,145076,697.118
2024-04-25,BUY,740.196,100,105,0,74124.6,0
2024-04-26,SELL,755.657,100,107,226,75232.7,1108.1
2024-04-30,BUY,763.387,100,108,0,76446.7,0
2024-05-02,BUY,745.993,100,106,0,74705.3,0
2024-05-03,SELL,753.724,200,214,452,150079,-1073.24
2024-05-09,BUY,769.185,100,109,0,77027.5,0
2024-05-10,SELL,774.983,100,110,232,77156.3,128.791
2024-05-17,BUY,806.871,100,114,0,80801.1,0
2024-05-21,SELL,812.669,100,115,243,80908.9,107.785
2024-05-24,BUY,837.793,100,119,0,83898.3,0
2024-05-27,SELL,839.726,100,119,251,83602.6,-295.732
2024-05-28,BUY,835.861,100,119,0,83705.1,0
2024-05-29,BUY,828.13,100,118,0,82931,0
2024-05-30,BUY,809.77,100,115,0,81092,0
2024-05-31,BUY,793.343,100,113,0,79447.3,0
2024-06-03,SELL,817.501,400,465,981,325554,-1621.08
2024-06-04,BUY,810.736,100,115,0,81188.6,0
2024-06-05,SELL,825.231,100,117,247,82159.1,970.475
2024-06-07,BUY,849.389,100,121,0,85059.9,0
2024-06-11,SELL,853.254,100,121,255,84949.4,-110.47
2024-06-17,BUY,893.414,100,127,0,89468.4,0
2024-06-18,SELL,914.755,100,130,274,91071.5,1603.11
2024-06-21,BUY,940.946,100,134,0,94228.6,0
2024-06-24,BUY,911.845,100,129,0,91313.5,0
2024-06-25,SELL,916.695,200,261,550,182528,-3014.11
2024-07-02,BUY,931.246,100,132,0,93256.6,0
2024-07-03,SELL,949.677,100,135,284,94548.7,1292.09
2024-07-12,BUY,1008.85,100,143,0,101028,0
2024-07-16,SELL,1023.4,100,145,307,101888,860.072
2024-07-17,BUY,999.149,100,142,0,100057,0
2024-07-18,BUY,974.898,100,138,0,97627.8,0
2024-07-19,BUY,940.946,100,134,0,94228.6,0
2024-07-22,BUY,910.875,100,129,0,91216.5,0
2024-07-23,SELL,949.677,400,541,1139,378191,-4939.14
2024-07-26,BUY,896.324,100,127,0,89759.4,0
2024-07-29,SELL,915.725,100,130,274,91168.5,1409.09
2024-07-30,BUY,911.845,100,129,0,91313.5,0
2024-07-31,BUY,906.025,100,129,0,90731.5,0
2024-08-01,SELL,931.246,200,265,558,185426,3381.23
2024-08-02,BUY,875.953,100,124,0,87719.3,0
2024-08-05,BUY,790.589,100,112,0,79170.9,0
2024-08-06,SELL,853.642,200,243,512,169973,3083.18
2024-08-08,BUY,869.163,100,123,0,87039.3,0
2024-08-09,SELL,906.025,100,129,271,90202.5,3163.19
2024-08-15,BUY,914.755,100,130,0,91605.5,0
2024-08-16,SELL,939.976,100,133,281,93583.6,1978.13
2024-08-21,BUY,929.306,100,132,0,93062.6,0
2024-08-22,BUY,922.515,100,131,0,92382.5,0
2024-08-23,BUY,920.575,100,131,0,92188.5,0
2024-08-26,SELL,921.545,300,393,829,275242,-2392.01
2024-08-27,BUY,913.785,100,130,0,91508.5,0
2024-08-28,SELL,935.126,100,133,280,93099.6,1591.12
2024-08-29,BUY,914.755,100,130,0,91605.5,0
2024-08-30,SELL,915.725,100,130,274,91168.5,-436.997
2024-09-03,BUY,911.845,100,129,0,91313.5,0
2024-09-04,BUY,862.372,100,122,0,86359.2,0
2024-09-05,SELL,874.983,200,249,524,174224,-3449.13
2024-09-09,BUY,872.073,100,124,0,87331.3,0
2024-09-10,SELL,876.923,100,124,263,87305.3,-25.9597
2024-09-11,BUY,874.013,100,124,0,87525.3,0
2024-09-12,SELL,915.911,100,130,274,91187.1,3661.82
2024-09-18,BUY,916.886,100,130,0,91818.6,0
2024-09-19,SELL,935.399,100,133,280,93126.9,1308.31
2024-09-27,BUY,974.373,100,138,0,97575.3,0
2024-09-30,BUY,932.475,100,132,0,93379.5,0
2024-10-01,SELL,947.091,200,269,568,188581,-2373.67
2024-10-16,BUY,1018.22,100,145,0,101967,0
2024-10-17,BUY,1008.48,100,143,0,100991,0
2024-10-18,SELL,1057.2,200,301,634,210504,7546.38
2024-10-22,BUY,1047.45,100,149,0,104894,0
2024-10-23,BUY,1032.84,100,147,0,103431,0
2024-10-25,SELL,1037.71,200,295,622,206625,-1700.18
2024-10-28,BUY,1023.09,100,145,0,102454,0
2024-10-29,BUY,1013.35,100,144,0,101479,0
2024-10-30,BUY,1003.6,100,143,0,100503,0
2024-11-01,BUY,998.733,100,142,0,100015,0
2024-11-04,SELL,1013.35,400,577,1216,403546,-905.416
2024-11-11,BUY,1057.2,100,150,0,105870,0
2024-11-12,BUY,1023.09,100,145,0,102454,0
2024-11-13,BUY,1008.48,100,143,0,100991,0
2024-11-18,BUY,998.733,100,142,0,100015,0
2024-11-19,SELL,1013.35,400,577,1216,403546,-5783.27
2024-11-20,BUY,998.733,100,142,0,100015,0
2024-11-21,BUY,984.117,100,140,0,98551.7,0
2024-11-22,SELL,1013.35,200,288,608,201774,3206.71
2024-11-25,BUY,1003.6,100,143,0,100503,0
2024-11-26,BUY,984.117,100,140,0,98551.7,0
2024-11-27,BUY,974.373,100,138,0,97575.3,0
2024-11-28,SELL,979.245,300,418,881,292475,-4155.93
2024-11-29,BUY,970.476,100,138,0,97185.6,0
2024-12-02,SELL,1008.48,100,143,302,100403,3217.05
2024-12-06,BUY,1037.71,100,147,0,103918,0
2024-12-09,SELL,1047.45,100,149,314,104282,364.365
2024-12-10,BUY,1037.71,100,147,0,103918,0
2024-12-11,BUY,1018.22,100,145,0,101967,0
2024-12-12,SELL,1036.8,200,295,622,206444,559.03
2024-12-17,BUY,1051.48,100,149,0,105297,0
2024-12-18,SELL,1061.26,100,151,318,105657,360.125
2024-12-19,BUY,1046.59,100,149,0,104808,0
2024-12-20,BUY,1012.35,100,144,0,101379,0
2024-12-23,SELL,1056.37,200,301,633,210339,4152.65
2024-12-31,BUY,1051.48,100,149,0,105297,0
2025-01-02,BUY,1041.69,100,148,0,104317,0
2025-01-03,SELL,1051.48,200,299,630,209366,-247.887
2025-01-08,BUY,1080.82,100,154,0,108236,0
2025-01-09,BUY,1075.93,100,153,0,107746,0
2025-01-13,BUY,1051.48,100,149,0,105297,0
2025-01-14,SELL,1066.15,300,455,959,318430,-2848.16
2025-01-15,BUY,1041.69,100,148,0,104317,0
2025-01-16,SELL,1080.82,100,154,324,107604,3286.48
2025-02-03,BUY,1046.59,100,149,0,104808,0
2025-02-04,SELL,1071.04,100,152,321,106631,1823.31
2025-02-10,BUY,1080.82,100,154,0,108236,0
2025-02-11,SELL,1085.71,100,154,325,108092,-143.962
2025-02-12,BUY,1075.93,100,153,0,107746,0
2025-02-13,BUY,1066.15,100,151,0,106766,0
2025-02-14,BUY,1036.8,100,147,0,103827,0
2025-02-17,SELL,1061.26,300,453,955,316969,-1369.9
2025-02-19,BUY,1066.15,100,151,0,106766,0
2025-02-20,BUY,1056.37,100,150,0,105787,0
2025-02-21,SELL,1071.04,200,305,642,213261,708.262
2025-02-24,BUY,1051.48,100,149,0,105297,0
2025-02-25,BUY,1031.91,100,147,0,103338,0
2025-02-26,SELL,1036.8,200,295,622,206444,-2191.11
2025-02-27,BUY,1017.24,100,144,0,101868,0
2025-03-03,BUY,997.68,100,142,0,99910,0
2025-03-04,BUY,978.117,100,139,0,97950.7,0
2025-03-05,SELL,997.68,300,426,897,297981,-1748.01
2025-03-06,BUY,983.008,100,140,0,98440.8,0
2025-03-10,BUY,976.161,100,139,0,97755.1,0
2025-03-11,BUY,949.752,100,135,0,95110.2,0
2025-03-12,SELL,966.38,300,413,869,288632,-2674.12
2025-03-13,BUY,943.883,100,134,0,94522.3,0
2025-03-14,BUY,938.014,100,133,0,93934.4,0
2025-03-17,SELL,948.774,200,270,569,188916,458.99
2025-03-19,BUY,935.508,100,133,0,93683.8,0
2025-03-20,SELL,967.936,100,137,290,96366.6,2682.83
2025-03-21,BUY,955.161,100,136,0,95652.1,0
2025-03-25,SELL,972.849,100,138,291,96855.9,1203.82
2025-03-26,BUY,963.022,100,137,0,96439.2,0
2025-03-27,BUY,941.404,100,134,0,94274.4,0
2025-03-28,BUY,935.508,100,133,0,93683.8,0
2025-03-31,BUY,894.235,100,127,0,89550.5,0
2025-04-01,SELL,927.646,400,528,1113,369417,-4530.42
2025-04-02,BUY,925.681,100,131,0,92699.1,0
2025-04-07,BUY,833.309,100,118,0,83448.9,0
2025-04-08,BUY,801.864,100,114,0,80300.4,0
2025-04-09,BUY,771.401,100,109,0,77249.1,0
2025-04-10,SELL,848.049,400,483,1017,337720,4022.32
2025-04-14,BUY,850.015,100,121,0,85122.5,0
2025-04-15,SELL,861.807,100,122,258,85800.7,678.218
2025-04-16,BUY,840.188,100,119,0,84137.8,0
2025-04-17,BUY,832.327,100,118,0,83350.7,0
2025-04-18,SELL,835.275,200,238,501,166316,-1172.55
2025-04-21,BUY,820.534,100,116,0,82169.4,0
2025-04-22,BUY,801.864,100,114,0,80300.4,0
2025-04-23,SELL,857.876,200,244,514,170817,8347.42
2025-04-24,BUY,849.032,100,120,0,85023.2,0
2025-04-25,SELL,872.616,100,124,261,86876.6,1853.43
2025-05-05,BUY,921.75,100,131,0,92306,0
2025-05-06,BUY,904.062,100,128,0,90534.2,0
2025-05-07,SELL,911.923,200,259,547,181579,-1261.52
2025-05-08,BUY,902.097,100,128,0,90337.7,0
2025-05-09,SELL,932.56,100,132,279,92845,2507.3
2025-05-15,BUY,975.797,100,139,0,97718.7,0
2025-05-16,SELL,980.711,100,139,294,97638.1,-80.6609
2025-05-19,BUY,966.953,100,137,0,96832.3,0
2025-05-20,BUY,961.057,100,136,0,96241.7,0
2025-05-21,SELL,972.849,200,277,583,193710,635.817
2025-05-22,BUY,964.988,100,137,0,96635.8,0
2025-05-23,SELL,966.953,100,137,290,96268.3,-367.461
2025-05-26,BUY,959.092,100,136,0,96045.2,0
2025-05-27,BUY,948.282,100,135,0,94963.2,0
2025-05-28,SELL,950.248,200,270,570,189210,-1798.88
2025-06-02,BUY,929.612,100,132,0,93093.2,0
2025-06-03,SELL,933.542,100,133,280,92941.2,-151.927
2025-06-06,BUY,977.763,100,139,0,97915.3,0
2025-06-09,SELL,987.589,100,140,296,98322.9,407.69
2025-06-12,BUY,1031.25,100,146,0,103271,0
2025-06-13,BUY,1016.45,100,144,0,101789,0
2025-06-16,BUY,1011.52,100,144,0,101296,0
2025-06-17,SELL,1031.25,300,440,928,308008,1651.97
2025-06-19,BUY,1021.39,100,145,0,102284,0
2025-06-20,SELL,1041.12,100,148,312,103652,1368.71
2025-06-23,BUY,1006.58,100,143,0,100801,0
2025-06-24,SELL,1036.19,100,147,310,103162,2360.54
2025-06-30,BUY,1046.06,100,149,0,104755,0
2025-07-01,SELL,1070.73,100,152,321,106600,1845.11
2025-07-04,BUY,1070.73,100,152,0,107225,0
2025-07-07,BUY,1065.79,100,151,0,106730,0
2025-07-09,SELL,1075.66,200,306,645,214181,226.261
2025-07-14,BUY,1080.6,100,153,0,108213,0
2025-07-15,SELL,1095.4,100,156,328,109056,843.261
2025-07-21,BUY,1134.87,100,161,0,113648,0
2025-07-22,BUY,1115.14,100,158,0,111672,0
2025-07-23,SELL,1129.94,200,322,677,224989,-331.171
2025-07-29,BUY,1120.07,100,159,0,112166,0
2025-07-30,SELL,1139.81,100,162,341,113478,1311.69
2025-08-04,BUY,1120.07,100,159,0,112166,0
2025-08-05,SELL,1134.87,100,161,340,112986,820.273
2025-08-06,BUY,1110.2,100,158,0,111178,0
2025-08-07,SELL,1164.48,100,165,349,115934,4755.66
2025-08-08,BUY,1159.54,100,165,0,116119,0
2025-08-11,SELL,1164.48,100,165,349,115934,-185.58
2025-08-14,BUY,1159.54,100,165,0,116119,0
2025-08-15,SELL,1164.48,100,165,349,115934,-185.58
2025-08-20,BUY,1120.07,100,159,0,112166,0
2025-08-21,SELL,1134.87,100,161,340,112986,820.273
2025-08-22,BUY,1120.07,100,159,0,112166,0
2025-08-25,SELL,1154.61,100,164,346,114951,2784.96
2025-08-28,BUY,1144.74,100,163,0,114637,0
2025-09-01,SELL,1149.68,100,163,344,114461,-176.58
2025-09-02,BUY,1144.74,100,163,0,114637,0
2025-09-05,SELL,1164.48,100,165,349,115934,1296.69
2025-09-15,BUY,1238.49,100,176,0,124025,0
2025-09-16,SELL,1268.22,100,180,380,126262,2236.38
2025-09-17,BUY,1253.35,100,178,0,125513,0
2025-09-18,SELL,1273.17,100,181,381,126755,1241.59
2025-09-19,BUY,1253.35,100,178,0,125513,0
2025-09-22,SELL,1283.08,100,182,384,127742,2228.39
2025-09-25,BUY,1307.85,100,186,0,130971,0
2025-09-26,BUY,1288.03,100,183,0,128986,0
2025-09-30,SELL,1292.99,200,368,775,257454,-2502.8
2025-10-08,BUY,1401.97,100,199,0,140396,0
2025-10-09,SELL,1426.74,100,203,428,142043,1646.99
2025-10-13,BUY,1401.97,100,199,0,140396,0
2025-10-14,SELL,1411.88,100,201,423,140564,167.784
2025-10-17,BUY,1436.65,100,204,0,143869,0
2025-10-20,SELL,1466.37,100,208,439,145990,2121.38
2025-10-22,BUY,1446.56,100,206,0,144862,0
2025-10-23,BUY,1436.65,100,204,0,143869,0
2025-10-27,SELL,1466.37,200,417,879,291979,3247.96
2025-10-28,BUY,1461.42,100,208,0,146350,0
2025-10-29,SELL,1491.14,100,212,447,148455,2105.38
2025-10-31,BUY,1486.19,100,211,0,148830,0
2025-11-03,SELL,1496.1,100,213,448,148949,118.808
2025-11-04,BUY,1491.14,100,212,0,149326,0
2025-11-05,BUY,1446.56,100,206,0,144862,0
2025-11-06,SELL,1451.51,200,413,870,289019,-5168.8
2025-11-07,BUY,1446.56,100,206,0,144862,0
2025-11-10,SELL,1461.42,100,208,438,145496,634.194
2025-11-11,BUY,1451.51,100,206,0,145357,0
2025-11-12,SELL,1461.42,100,208,438,145496,138.808
2025-11-13,BUY,1446.56,100,206,0,144862,0
2025-11-14,BUY,1416.83,100,201,0,141884,0
2025-11-17,SELL,1431.7,200,408,859,285072,-1673.99
2025-11-18,BUY,1392.06,100,198,0,139404,0
2025-11-19,BUY,1382.16,100,196,0,138412,0
2025-11-20,SELL,1441.6,200,410,864,287047,9230.74
2025-11-21,BUY,1372.25,100,195,0,137420,0
2025-11-24,BUY,1362.34,100,194,0,136428,0
2025-11-25,SELL,1401.97,200,399,841,279154,5306.55
2025-11-27,BUY,1421.79,100,202,0,142381,0
2025-11-28,SELL,1426.74,100,203,428,142043,-337.59
2025-12-01,BUY,1397.02,100,199,0,139901,0
2025-12-02,SELL,1416.83,100,201,425,141057,1156.58
2025-12-04,BUY,1431.7,100,204,0,143374,0
2025-12-05,SELL,1446.56,100,206,433,144017,643.194
2025-12-09,BUY,1466.37,100,208,0,146845,0
2025-12-10,SELL,1491.14,100,212,447,148455,1609.99
2025-12-11,BUY,1461.32,100,208,0,146340,0
2025-12-12,SELL,1471.26,100,209,441,146476,136.104
2025-12-15,BUY,1441.44,100,205,0,144349,0
2025-12-16,BUY,1426.53,100,203,0,142856,0
2025-12-17,BUY,1421.56,100,202,0,142358,0
2025-12-22,SELL,1456.35,300,622,1310,434973,5410.78
2025-12-30,BUY,1511.03,100,215,0,151318,0
2025-12-31,SELL,1540.85,100,219,462,153404,2086.29
2026-01-07,BUY,1665.11,100,237,0,166748,0
2026-01-08,SELL,1675.05,100,238,502,166765,17.0918
2026-01-09,BUY,1670.08,100,237,0,167245,0
2026-01-12,SELL,1680.02,100,239,504,167259,14.0918
2026-01-15,BUY,1680.02,100,239,0,168241,0
2026-01-16,SELL,1729.73,100,246,518,172209,3967.48
2026-01-21,BUY,1729.73,100,246,0,173219,0
2026-01-22,SELL,1749.61,100,249,524,174188,969.196
2026-01-26,BUY,1744.64,100,248,0,174712,0
2026-01-27,SELL,1769.49,100,252,530,176167,1455.25
2026-01-29,BUY,1794.34,100,255,0,179689,0
2026-01-30,BUY,1764.52,100,251,0,176703,0
2026-02-02,BUY,1754.58,100,250,0,175708,0
2026-02-03,SELL,1789.37,300,764,1610,534438,2337.5
2026-02-04,BUY,1774.46,100,252,0,177698,0
2026-02-05,BUY,1754.58,100,250,0,175708,0
2026-02-06,SELL,1769.49,200,504,1061,352333,-1072.9
2026-02-23,BUY,1888.78,100,269,0,189147,0
2026-02-24,SELL,1953.4,100,278,586,194476,5328.62
2026-02-26,BUY,1983.22,100,282,0,198604,0
2026-03-02,BUY,1963.34,100,279,0,196613,0
2026-03-03,BUY,1923.58,100,274,0,192632,0
2026-03-04,BUY,1853.99,100,264,0,185663,0
2026-03-05,SELL,1888.78,400,1076,2266,752171,-21340.6
2026-03-06,BUY,1878.84,100,267,0,188151,0
2026-03-09,BUY,1799.31,100,256,0,180187,0
2026-03-10,SELL,1839.08,200,524,1103,366188,-2150
2026-03-12,BUY,1873.87,100,267,0,187654,0
2026-03-13,BUY,1853.99,100,264,0,185663,0
2026-03-16,BUY,1834.11,100,261,0,183672,0
2026-03-17,SELL,1865.02,300,797,1678,557032,43.6812
2026-03-19,BUY,1845.08,100,262,0,184770,0
2026-03-20,BUY,1835.1,100,261,0,183771,0
2026-03-23,BUY,1805.18,100,257,0,180775,0
2026-03-25,SELL,1840.09,300,786,1656,549585,268.686
2026-03-26,BUY,1835.1,100,261,0,183771,0
2026-03-27,BUY,1815.16,100,258,0,181774,0
2026-03-30,BUY,1775.26,100,252,0,177778,0
2026-03-31,BUY,1755.32,100,250,0,175782,0
2026-04-01,SELL,1850.06,400,1054,2220,736752,17646.5
2026-04-02,BUY,1805.18,100,257,0,180775,0
2026-04-07,SELL,1855.05,100,264,556,184685,3909.69
2026-04-13,BUY,1984.71,100,282,0,198753,0
2026-04-14,SELL,2049.53,100,292,614,204047,5294.71
2026-04-17,BUY,2024.6,100,288,0,202748,0
2026-04-20,BUY,2019.61,100,287,0,202248,0
2026-04-21,SELL,2044.55,200,582,1226,407101,2105.02
2026-04-28,BUY,2209.11,100,314,0,221225,0
2026-04-29,BUY,2174.2,100,309,0,217729,0
2026-04-30,BUY,2129.32,100,303,0,213235,0
2026-05-04,SELL,2268.95,300,969,2042,677673,25484.5
2026-05-05,BUY,2244.01,100,319,0,224720,0
2026-05-07,SELL,2303.85,100,328,691,229366,4646.03
2026-05-08,BUY,2283.91,100,325,0,228716,0
2026-05-11,BUY,2229.05,100,317,0,223222,0
2026-05-12,SELL,2249,200,640,1349,447811,-4127.02
2026-05-13,BUY,2214.09,100,315,0,221724,0
2026-05-14,SELL,2263.96,100,322,679,225395,3670.72
2026-05-15,BUY,2258.97,100,321,0,226218,0
2026-05-18,BUY,2234.04,100,318,0,223722,0
2026-05-19,BUY,2199.13,100,313,0,220226,0
2026-05-20,BUY,2179.19,100,310,0,218229,0
2026-05-21,SELL,2224.07,400,1267,2668,885692,-2703.71
2026-05-26,BUY,2263.96,100,322,0,226718,0
2026-05-27,SELL,2293.88,100,326,688,228374,1656.02
2026-05-28,BUY,2288.89,100,326,0,229215,0
2026-05-29,SELL,2348.73,100,334,704,233835,4620.03
2026-06-04,BUY,2378.65,100,338,0,238203,0
2026-06-05,BUY,2358.71,100,336,0,236207,0
2026-06-08,BUY,2288.89,100,326,0,229215,0
2026-06-09,SELL,2298.87,300,982,2068,686610,-17015.4
2026-06-10,BUY,2249,100,320,0,225220,0
2026-06-11,SELL,2250,100,320,675,224005,-1215
2026-06-17,BUY,2385,100,339,0,238839,0
2026-06-18,SELL,2410,100,343,723,239934,1095
2026-06-23,BUY,2490,100,354,0,249354,0
2026-06-24,BUY,2390,100,340,0,239340,0
2026-06-26,BUY,2340,100,333,0,234333,0
2026-06-29,SELL,2370,300,1013,2133,707854,-15173
2026-07-02,BUY,2465,100,351,0,246851,0
2026-07-03,BUY,2445,100,348,0,244848,0
2026-07-06,SELL,2460,200,701,1476,489823,-1876
2026-07-07,BUY,2440,100,347,0,244347,0
2026-07-08,SELL,2465,100,351,739,245410,1063
2026-07-09,BUY,2415,100,344,0,241844,0
2026-07-13,SELL,2440,100,347,732,242921,1077
2026-07-14,BUY,2420,100,344,0,242344,0
2026-07-15,SELL,2440,100,347,732,242921,577
2026-07-17,BUY,2290,100,326,0,229326,0
2026-07-20,SELL,2320,100,330,696,230974,1648
2026-07-22,BUY,2400,100,341,0,240341,0
2026-07-23,SELL,2405,100,342,721,239437,-904
2026-07-24,BUY,2350,100,334,0,235334,0
2026-07-28,BUY,2280,100,324,0,228324,0
2026-07-29,BUY,2200,100,313,0,220313,0
2026-07-30,SELL,2205,300,942,1984,658574,-25397
2026-08-03,BUY,2370,100,337,0,237337,0
2026-08-04,BUY,2320,100,330,0,232330,0
2026-08-05,SELL,2405,200,685,1443,478872,9205
2026-08-06,BUY,2365,100,337,0,236837,0
2026-08-07,SELL,2370,100,337,711,235952,-885
2026-08-14,BUY,2395,100,341,0,239841,0
2026-08-17,SELL,2400,100,341,720,238939,-902
2026-08-18,BUY,2380,100,339,0,238339,0
2026-08-19,BUY,2350,100,334,0,235334,0
2026-08-20,SELL,2375,200,676,1425,472899,-774
2026-08-24,BUY,2375,100,338,0,237838,0
2026-08-25,SELL,2400,100,341,720,238939,1101
2026-08-27,BUY,2410,100,343,0,241343,0
2026-08-28,SELL,2420,100,344,726,240930,-413
2026-08-31,BUY,2405,100,342,0,240842,0
2026-09-01,SELL,2440,100,347,732,242921,2079
2026-09-02,BUY,2385,100,339,0,238839,0
2026-09-03,SELL,2390,100,340,717,237943,-896
2026-09-09,BUY,2465,100,351,0,246851,0
2026-09-10,BUY,2450,100,349,0,245349,0
2026-09-11,BUY,2410,100,343,0,241343,0
